ts,year,quarter,session,in_killzone,vol_regime,pd_zone,atr_pct,ret_15m,ret_60m,recent_sweep,trend_15m,trend_1h,trend_4h,direction,confidence,outcome,realized_R
2016-01-08 17:36:00+00:00,2016,1,off,0,normal,discount,0.05973947441871702,-0.0007913735458058096,0.006557404939806516,sellside,na,bull,bear,long,4,win,0.17525773195867783
2016-01-13 11:33:00+00:00,2016,1,off,0,low,premium,0.04157070185157507,-0.0013116591522044669,-0.0020842384745354135,none,na,bull,range,flat,0,flat,0.0
2016-01-15 19:31:00+00:00,2016,1,ny_pm,0,normal,discount,0.08341697465989253,-0.003199067445802802,-0.0003781291603645277,none,na,range,bear,flat,0,flat,0.0
2016-01-20 16:28:00+00:00,2016,1,off,0,high,discount,0.1102460542581198,-0.0019201653823988532,-0.005435541224513772,none,na,bear,bull,flat,0,flat,0.0
2016-01-25 10:25:00+00:00,2016,1,off,0,normal,premium,0.05591557411868415,0.002000939636761231,0.003217133390471288,buyside,na,range,bull,short,4,win,0.15778688524601697
2016-01-27 18:23:00+00:00,2016,1,ny_pm,0,normal,premium,0.05391289154984782,-0.0002385968035446202,-0.0024651490098390816,none,na,bear,range,flat,0,flat,0.0
2016-02-01 12:20:00+00:00,2016,1,ny_am,1,low,premium,0.04134100551190782,-0.0019505347324077888,-0.003884972618625148,sellside,na,range,bull,long,5,timeout,0.016693163751989967
2016-02-03 20:18:00+00:00,2016,1,ny_pm,0,high,premium,0.10423773436306134,0.00039553086855155777,0.012045610664208931,none,na,range,range,flat,0,flat,0.0
2016-02-08 14:16:00+00:00,2016,1,ny_am,1,normal,discount,0.05881191736508978,-0.0010015556874322091,0.002756653456527758,sellside,na,bear,range,long,5,loss,-1.023969319271332
2016-02-11 08:15:00+00:00,2016,1,london,1,normal,discount,0.07403444917867316,-0.002951318400781953,-0.0024902603781380202,none,na,range,bull,flat,0,flat,0.0
2016-02-15 16:13:00+00:00,2016,1,off,0,low,premium,0.023604410163333575,-0.00037081746989815095,-0.00037329278907290007,none,na,bull,range,flat,0,flat,0.0
2016-02-18 13:13:00+00:00,2016,1,ny_am,1,normal,premium,0.027929326442500214,0.000589478683953976,-0.00013681961000347494,none,na,bull,range,flat,0,flat,0.0
2016-02-23 07:10:00+00:00,2016,1,london,1,high,discount,0.04554559021760339,-0.005023667524111541,-0.004526271346202928,none,na,bull,bull,long,4,loss,-1.0907441016334203
2016-02-25 15:08:00+00:00,2016,1,ny_am,1,normal,premium,0.07015659112656153,-0.002484934516981351,-0.00413430664698121,none,na,bull,bear,flat,0,flat,0.0
2016-03-01 09:05:00+00:00,2016,1,london,1,normal,equilibrium,0.04608750569540444,-0.0017388324209272124,0.0027583066280291485,none,na,range,range,flat,0,flat,0.0
2016-03-03 17:03:00+00:00,2016,1,off,0,normal,discount,0.038974799303941265,5.699230247709484e-05,-0.0015452176196298773,buyside,na,range,range,short,4,win,0.764705882353076
2016-03-08 11:00:00+00:00,2016,1,off,0,normal,discount,0.026068393231356592,-0.00047274375517883995,-0.0004391175861280565,sellside,na,range,bull,long,4,loss,-1.2680965147453398
2016-03-10 18:58:00+00:00,2016,1,ny_pm,0,normal,discount,0.04511027238153456,-0.00020270919055009193,-2.9048174322123075e-05,sellside,na,bull,bull,long,8,win,1.366575769380593
2016-03-15 12:08:00+00:00,2016,1,ny_am,1,low,discount,0.017825163085895598,0.00012534995959658624,0.00030264261231320003,buyside,na,range,bull,short,5,win,0.21927236971484232
2016-03-18 06:13:00+00:00,2016,1,london,1,normal,premium,0.02457645553956069,-0.00031631613538323937,-0.0011710264398225342,none,na,bull,bull,flat,0,flat,0.0
2016-03-22 14:40:00+00:00,2016,1,ny_am,1,high,premium,0.03764679636060272,0.0007405309299635443,0.0015277638637170964,none,na,bear,bull,flat,0,flat,0.0
2016-03-28 08:48:00+00:00,2016,1,london,1,low,premium,0.012358276755696467,-0.0005083655960883165,-0.0009056098984579701,none,na,bear,bear,short,7,win,-0.027465105808057996
2016-03-30 17:47:00+00:00,2016,1,ny_pm,0,normal,discount,0.02452985996298245,0.0018071297632290715,0.0007887914765317091,none,na,bull,range,flat,0,flat,0.0
2016-04-04 11:44:00+00:00,2016,2,ny_am,1,low,premium,0.014951341969528128,-0.0003628709542270836,2.8614631053721855e-05,sellside,na,bull,bear,long,5,loss,-1.1182033096926327
2016-04-06 19:43:00+00:00,2016,2,ny_pm,0,normal,premium,0.04207222237278293,0.0005941391088253704,0.004053660802870054,buyside,na,range,range,short,4,win,-0.04380593499765945
2016-04-11 13:40:00+00:00,2016,2,ny_am,1,normal,premium,0.05030691940950938,0.0021249834915591822,0.0025477670888373037,buyside,na,range,range,short,5,win,1.070552147239125
2016-04-14 07:37:00+00:00,2016,2,london,1,normal,premium,0.03421698736242523,-0.00028981015197131275,-0.0013971483643025239,none,na,bull,bull,flat,0,flat,0.0
2016-04-18 15:35:00+00:00,2016,2,off,0,normal,premium,0.030156577980568672,-0.0005744365706804518,7.463613491763264e-05,sellside,na,range,range,long,4,win,0.12870126062736273
2016-04-21 09:32:00+00:00,2016,2,off,0,normal,equilibrium,0.019464625012790043,0.00018094904463863073,0.0001699136915681294,none,na,bull,bull,flat,0,flat,0.0
2016-04-25 17:30:00+00:00,2016,2,ny_pm,0,normal,premium,0.027516303027961656,-0.0006136243538708414,0.0029241955528533457,buyside,na,bear,bear,short,8,win,0.4598070739547575
2016-04-28 11:27:00+00:00,2016,2,ny_am,1,normal,discount,0.020700804761084747,-0.0010597496690375856,-0.0009057844556889442,none,na,range,range,flat,0,flat,0.0
2016-05-02 19:25:00+00:00,2016,2,ny_pm,0,normal,premium,0.030027540136889914,-2.7389802161668183e-05,0.0008856662498497359,buyside,na,range,bear,short,4,win,0.20055517002090673
2016-05-05 13:22:00+00:00,2016,2,ny_am,1,normal,discount,0.02233963221592812,3.277934358809173e-05,-0.0007606679873412608,none,na,bull,bear,flat,0,flat,0.0
2016-05-10 07:19:00+00:00,2016,2,london,1,normal,premium,0.03173244210039708,0.0013643101632956403,0.0016097971025901834,none,na,bear,bull,flat,0,flat,0.0
2016-05-12 15:17:00+00:00,2016,2,off,0,high,discount,0.04011475987194838,-0.002131507630220395,-0.005633826628946132,none,na,bear,range,flat,0,flat,0.0
2016-05-17 09:35:00+00:00,2016,2,off,0,normal,premium,0.018492394965293438,0.0005694712561077265,-0.0011257329813255297,none,na,bull,range,flat,0,flat,0.0
2016-05-19 17:34:00+00:00,2016,2,ny_pm,0,normal,discount,0.037153680658519005,0.0006738931936788108,0.0016731773044175282,none,na,bear,bear,flat,0,flat,0.0
2016-05-24 11:31:00+00:00,2016,2,ny_am,1,low,premium,0.011546689849628889,0.0003693132597138257,0.0007662870201014833,buyside,na,range,range,short,5,loss,-1.2747252747253186
2016-05-26 19:29:00+00:00,2016,2,ny_pm,0,normal,equilibrium,0.019031573713703485,0.00044405346807451196,0.0005276379091857137,none,na,range,bull,flat,0,flat,0.0
2016-05-31 18:33:00+00:00,2016,2,ny_pm,0,high,discount,0.03293664060170319,0.0010966285441578406,-0.002597131072219978,sellside,na,bear,bull,flat,0,flat,0.0
2016-06-03 12:30:00+00:00,2016,2,ny_am,1,high,discount,0.03344193652338408,-0.0030440547660968344,-0.002935138975104993,sellside,na,bull,range,flat,0,flat,0.0
2016-06-08 06:27:00+00:00,2016,2,london,1,normal,discount,0.011738882617405796,0.00018781331245294885,-0.0015749626008967814,sellside,na,bear,bull,long,5,win,0.26344086021485397
2016-06-10 14:25:00+00:00,2016,2,ny_am,1,high,discount,0.03990892443655431,0.0019077937071951888,0.0005709027651843751,none,na,range,range,flat,0,flat,0.0
2016-06-15 08:22:00+00:00,2016,2,london,1,normal,premium,0.02182414110594259,5.763363091877255e-05,-0.0003196894832326738,sellside,na,bear,range,long,5,win,0.35321100917404785
2016-06-17 16:21:00+00:00,2016,2,off,0,normal,discount,0.03110659842864291,0.0007120772147753873,0.0017874935563466192,sellside,na,range,bear,long,4,timeout,-0.4651619234543747
2016-06-22 10:19:00+00:00,2016,2,off,0,low,premium,0.013727430052610913,-0.0001949525223382854,0.0004697667535193837,none,na,range,bear,flat,0,flat,0.0
2016-06-24 18:18:00+00:00,2016,2,ny_pm,0,normal,discount,0.05095186723245728,-0.0010540235607952983,-0.00039309209210681257,buyside,na,range,range,short,4,win,0.4929785661493125
2016-06-29 12:15:00+00:00,2016,2,ny_am,1,normal,premium,0.021073271679765148,5.196700837353283e-05,0.00026903047926832426,buyside,na,range,bear,short,5,loss,-1.1033057851239638
2016-07-04 06:39:00+00:00,2016,3,london,1,high,premium,0.020523711712026403,0.0005175989185958912,0.003921389432365512,buyside,na,bull,range,flat,0,flat,0.0
2016-07-06 17:52:00+00:00,2016,3,ny_pm,0,normal,premium,0.02953302602494432,0.0002270892913975841,0.0007795815667295121,none,na,range,range,flat,0,flat,0.0
2016-07-11 11:49:00+00:00,2016,3,ny_am,1,low,premium,0.015365947187108979,-0.000651851819309036,0.0004695080885688455,sellside,na,bull,bull,long,8,win,0.1909650924024163
2016-07-13 19:47:00+00:00,2016,3,ny_pm,0,normal,premium,0.02177407283747828,0.0007029071280554057,0.00030205824118305114,buyside,na,bull,range,short,4,loss,-1.1512859304085419
2016-07-18 13:44:00+00:00,2016,3,ny_am,1,normal,discount,0.03172502880749141,-0.0005284743949291767,-0.0013061195399046081,none,na,bull,bull,long,7,win,0.042415528396847715
2016-07-21 07:41:00+00:00,2016,3,london,1,normal,premium,0.026171352597344915,-0.00052294593233518,-0.00032898768553932375,none,na,bull,bull,flat,0,flat,0.0
2016-07-25 15:47:00+00:00,2016,3,off,0,normal,discount,0.027510752929179233,-0.0005147630357921092,-0.0010316986293071304,none,na,range,range,flat,0,flat,0.0
2016-07-28 09:44:00+00:00,2016,3,off,0,low,premium,0.011220467673014274,0.00011736225889367369,-0.00032814358309004807,none,na,range,bull,flat,0,flat,0.0
2016-08-01 17:42:00+00:00,2016,3,ny_pm,0,normal,discount,0.024269396619487956,-0.0003436626059739495,0.0002644329518280741,none,na,bear,range,flat,0,flat,0.0
2016-08-04 11:39:00+00:00,2016,3,ny_am,1,normal,premium,0.025576724603278585,-0.0003321363378897754,0.0027563606224848833,none,na,bull,bear,flat,0,flat,0.0
2016-08-08 19:39:00+00:00,2016,3,ny_pm,0,normal,discount,0.009409064044669518,0.00016316157426069097,0.0004161132000832815,none,na,range,bull,flat,0,flat,0.0
2016-08-11 13:36:00+00:00,2016,3,ny_am,1,normal,premium,0.02203155448766909,0.0009494383657158443,0.0012817900645637783,none,na,bear,bear,short,7,win,1.8921568627448386
2016-08-16 07:33:00+00:00,2016,3,london,1,normal,equilibrium,0.01491758267398724,0.0005342173473768633,-0.000570170158981313,none,na,bear,bull,flat,0,flat,0.0
2016-08-18 15:31:00+00:00,2016,3,off,0,normal,premium,0.01784533079280573,0.00037232665961101834,0.0006092103783185529,buyside,na,bull,range,short,4,win,0.18400000000023284
2016-08-23 09:28:00+00:00,2016,3,off,0,normal,premium,0.012275760285488943,0.00037910567678445543,-0.0005358578190586294,none,na,bear,bear,short,6,loss,-1.1984126984128072
2016-08-25 17:26:00+00:00,2016,3,ny_pm,0,normal,equilibrium,0.02368987370533579,0.00011208613413297363,0.0006620510906233913,buyside,na,bear,bear,short,7,win,0.4740108611323115
2016-08-30 11:23:00+00:00,2016,3,ny_am,1,low,discount,0.008184042702679634,0.0001546415721965582,0.0004889605261734984,none,na,range,range,flat,0,flat,0.0
2016-09-01 19:21:00+00:00,2016,3,ny_pm,0,high,equilibrium,0.03415613047900747,0.0006728178329387106,0.0005508160459462758,buyside,na,range,bear,flat,0,flat,0.0
2016-09-06 18:42:00+00:00,2016,3,ny_pm,0,normal,premium,0.015689388674029234,-8.641086530212451e-06,-1.4581746893301392e-05,sellside,na,bear,range,long,4,win,0.10147441457085948
2016-09-09 12:39:00+00:00,2016,3,ny_am,1,high,discount,0.025036809597909895,7.732675946957403e-05,-0.0023727872590885027,buyside,na,range,range,flat,0,flat,0.0
2016-09-14 06:36:00+00:00,2016,3,london,1,high,premium,0.0245431599332752,0.0003829309891042521,0.002252680551655209,buyside,na,bear,range,flat,0,flat,0.0
2016-09-16 14:34:00+00:00,2016,3,ny_am,1,high,discount,0.06213286742221025,-0.0004030594976555139,-0.0007517473157599585,buyside,na,bull,range,flat,0,flat,0.0
2016-09-21 08:31:00+00:00,2016,3,london,1,low,premium,0.008665918972953206,3.7925841239058686e-05,-0.001374927685939033,sellside,na,range,range,long,5,win,0.3624678663239243
2016-09-23 16:29:00+00:00,2016,3,off,0,normal,discount,0.019407605654097583,0.00037219719684209287,-0.00036156267059028616,buyside,na,range,range,short,4,timeout,0.525145067698192
2016-09-28 10:26:00+00:00,2016,3,off,0,low,discount,0.011771537685117035,0.00023110433839379336,0.0006177978499536514,none,na,bull,bear,flat,0,flat,0.0
2016-09-30 18:24:00+00:00,2016,3,ny_pm,0,normal,premium,0.022128101714930907,0.00033054551464451197,0.0007410313650527921,none,na,bear,range,flat,0,flat,0.0
2016-10-05 12:29:00+00:00,2016,4,ny_am,1,normal,premium,0.020978387471763053,0.000855162307828756,0.0028639670676808074,sellside,na,range,bear,long,5,loss,-1.1228501228501315
2016-10-10 06:26:00+00:00,2016,4,london,1,high,premium,0.011890515020252629,2.4067296536917883e-05,0.0011455738520029337,buyside,na,bear,range,flat,0,flat,0.0
2016-10-12 14:25:00+00:00,2016,4,ny_am,1,high,premium,0.04896360482470946,0.000661676158043556,0.0014214766582054078,none,na,range,bear,flat,0,flat,0.0
2016-10-17 08:22:00+00:00,2016,4,london,1,normal,discount,0.016926866519710797,-0.0003387451509157181,-4.587942004000609e-05,buyside,na,range,range,short,5,win,0.2002243409982815
2016-10-19 16:20:00+00:00,2016,4,off,0,normal,premium,0.018644407203274854,0.0006555443736011254,0.000505582820065367,buyside,na,range,range,short,4,loss,-1.3717472118960918
2016-10-24 10:17:00+00:00,2016,4,off,0,low,premium,0.008532144683334944,5.486149666471989e-06,0.00030457237215776475,buyside,na,range,range,short,4,win,1.048192771084663
2016-10-26 18:15:00+00:00,2016,4,ny_pm,0,high,premium,0.03225235221997299,0.0007427604259007885,-0.0012929281828671264,none,na,range,range,flat,0,flat,0.0
2016-10-31 12:25:00+00:00,2016,4,ny_am,1,low,premium,0.0097307408809894,-0.0004952511406992571,-1.154862051743126e-05,none,na,bear,bear,short,7,loss,-1.0750750750750768
2016-11-03 06:56:00+00:00,2016,4,london,1,normal,discount,0.0075648963887290435,-0.00016703786191536748,-0.0021355421904339206,buyside,na,bear,bear,short,8,win,0.010309278350364671
2016-11-07 16:10:00+00:00,2016,4,off,0,normal,premium,0.03432582659546125,0.0012895889497141026,0.002373693655769134,none,na,bull,bear,flat,0,flat,0.0
2016-11-10 10:07:00+00:00,2016,4,off,0,low,premium,0.021976094265579144,0.00012335460443763167,-0.00018844415593560846,none,na,bull,range,flat,0,flat,0.0
2016-11-14 18:05:00+00:00,2016,4,ny_pm,0,normal,discount,0.03580787886614351,-0.0005562948638802502,-0.0013127744892113804,none,na,range,bull,flat,0,flat,0.0
2016-11-17 12:02:00+00:00,2016,4,ny_am,1,low,equilibrium,0.011550892520679123,-8.635505383686728e-05,-0.00043797862537206663,none,na,bull,bull,flat,0,flat,0.0
2016-11-21 20:00:00+00:00,2016,4,ny_pm,0,normal,premium,0.017769728341081027,-0.00028991905502219874,-0.00012992987483945615,sellside,na,bull,bull,long,7,win,2.9323467230421976
2016-11-24 13:58:00+00:00,2016,4,ny_am,1,low,premium,0.00410484077784259,-1.0995294014306701e-05,0.0002770564765747039,none,na,bull,bull,flat,0,flat,0.0
2016-11-29 14:25:00+00:00,2016,4,ny_am,1,normal,discount,0.014163174191714688,-0.0002178475821012999,-0.001006750039244498,buyside,na,range,bear,short,5,win,-0.09407665505239068
2016-12-02 08:22:00+00:00,2016,4,london,1,low,premium,0.014980548056487802,-0.00010477716087247573,4.692028296066231e-06,sellside,na,range,range,long,5,loss,-1.2590673575129143
2016-12-06 16:20:00+00:00,2016,4,off,0,normal,discount,0.019677252840631234,0.0001307380187199341,6.249996744797152e-05,buyside,na,bull,range,short,4,loss,-1.100100100100084
2016-12-09 10:17:00+00:00,2016,4,off,0,low,premium,0.006785708344709541,0.00029348583727017405,0.0004112342888882513,none,na,bear,bull,flat,0,flat,0.0
2016-12-13 18:18:00+00:00,2016,4,ny_pm,0,normal,premium,0.026780133493681562,0.001011225405356252,0.0013526110969359713,buyside,na,bull,bull,flat,0,flat,0.0
2016-12-16 12:15:00+00:00,2016,4,ny_am,1,low,discount,0.012647336166275851,9.85289031520767e-05,0.0001724383231353556,none,na,bull,range,flat,0,flat,0.0
2016-12-21 07:13:00+00:00,2016,4,london,1,normal,premium,0.013862473453409697,-0.00015022909937654924,0.0010277749924796952,sellside,na,range,bull,long,5,win,0.4494382022471175
2016-12-23 15:12:00+00:00,2016,4,ny_am,1,high,equilibrium,0.016603880489281565,3.6149659590581313e-05,0.0007335459611762532,sellside,na,bull,range,flat,0,flat,0.0
2016-12-29 09:17:00+00:00,2016,4,london,1,normal,discount,0.018137304474099177,0.0003234023746109386,0.0002719265364479643,buyside,na,range,bull,short,5,timeout,0.13590883824344033
2017-01-03 17:19:00+00:00,2017,1,off,0,high,discount,0.026902854018084687,-0.0001892744479495268,-0.0005116330934779606,none,na,range,bear,flat,0,flat,0.0
2017-01-06 11:22:00+00:00,2017,1,off,0,low,discount,0.008879092878459241,1.911047767128674e-05,0.0001347947498449183,sellside,na,range,bear,long,4,win,0.20879120879180188
2017-01-10 19:24:00+00:00,2017,1,ny_pm,0,high,discount,0.02553325387156418,0.0007160856402168785,-0.0028120926003426736,buyside,na,range,bull,flat,0,flat,0.0
2017-01-13 13:54:00+00:00,2017,1,ny_am,1,normal,premium,0.017147940101171894,0.00027751090813938673,-0.0005821715854054328,buyside,na,range,bear,short,5,win,-0.0519877675835569
2017-01-18 11:22:00+00:00,2017,1,off,0,normal,premium,0.010710315835972307,-0.00048718270713207513,-0.000485166366169429,none,na,bear,range,flat,0,flat,0.0
2017-01-20 19:20:00+00:00,2017,1,ny_pm,0,normal,discount,0.028082620738294765,-0.000619366780823394,-0.0014083760515494822,none,na,bull,bear,flat,0,flat,0.0
2017-01-25 13:17:00+00:00,2017,1,ny_am,1,low,premium,0.00887709372835394,-8.902746497306787e-05,0.0007894362714179235,none,na,bull,range,flat,0,flat,0.0
2017-01-30 07:14:00+00:00,2017,1,london,1,high,discount,0.015095210986531233,-0.0025325402553446163,-0.0021282359244631406,sellside,na,bear,bull,flat,0,flat,0.0
2017-02-01 15:13:00+00:00,2017,1,ny_am,1,high,premium,0.031847490788984016,-0.0008421696778787374,-0.0006506869588686338,none,na,bear,range,flat,0,flat,0.0
2017-02-06 09:39:00+00:00,2017,1,london,1,normal,premium,0.011654582784818056,-0.0003934121884076594,0.0009055251996294056,none,na,bull,range,flat,0,flat,0.0
2017-02-08 18:06:00+00:00,2017,1,ny_pm,0,normal,equilibrium,0.015551218041701613,0.00020758255148894844,-0.00039446866168401984,none,na,bear,bull,flat,0,flat,0.0
2017-02-13 12:34:00+00:00,2017,1,ny_am,1,low,premium,0.005181102774083975,2.7555746258879825e-05,0.0006336739351249343,buyside,na,bull,range,short,5,timeout,1.0461538461548794
2017-02-15 20:32:00+00:00,2017,1,ny_pm,0,normal,premium,0.014641833252291651,-0.0002623994660825581,0.0006208972961110777,sellside,na,bull,range,long,4,win,-2.019861638027295
2017-02-20 14:29:00+00:00,2017,1,ny_am,1,low,equilibrium,0.009053810222699457,-3.387786352644978e-05,0.0010741492442436237,none,na,bull,range,flat,0,flat,0.0
2017-02-23 12:13:00+00:00,2017,1,ny_am,1,normal,premium,0.011991270347393732,-0.0002669867300378964,0.0001925113100394648,none,na,bull,bull,flat,0,flat,0.0
2017-02-27 20:12:00+00:00,2017,1,ny_pm,0,normal,premium,0.01575822144713232,-0.0001871537655336578,0.0004734757538156855,none,na,bull,bull,flat,0,flat,0.0
2017-03-02 14:33:00+00:00,2017,1,ny_am,1,high,discount,0.026378094648412356,-0.0009425387477631796,-0.001231429759994266,buyside,na,range,bull,flat,0,flat,0.0
2017-03-07 08:31:00+00:00,2017,1,london,1,normal,equilibrium,0.01737782521820064,0.00017089961461650498,-0.0003735797528362836,none,na,range,bear,flat,0,flat,0.0
2017-03-09 16:29:00+00:00,2017,1,off,0,high,premium,0.02172733147744674,-0.000538704609348177,-0.0006100095188297567,none,na,bear,bear,short,3,win,0.8689320388355901
2017-03-14 10:30:00+00:00,2017,1,off,0,low,discount,0.007543728351381236,3.739862814154881e-05,0.00015057048952669163,buyside,na,bear,range,short,4,timeout,-0.8650963597432142
2017-03-16 19:19:00+00:00,2017,1,ny_pm,0,normal,discount,0.01888304381443554,0.000861141011840689,-0.0010266450195778817,none,na,bull,bull,long,6,win,0.0981132075471149
2017-03-21 14:22:00+00:00,2017,1,ny_am,1,high,discount,0.025668524344537893,-0.0010947488388014105,-0.0026333739214360976,sellside,na,bull,bear,flat,0,flat,0.0
2017-03-24 08:39:00+00:00,2017,1,london,1,low,premium,0.01775629943189809,0.0007445123637398042,0.0005548949663101032,none,na,bull,bull,flat,0,flat,0.0
2017-03-28 16:46:00+00:00,2017,1,off,0,normal,premium,0.02155995207891293,-2.6644704970413352e-05,0.00043378165515573625,sellside,na,bull,range,long,4,win,0.9207920792076212
2017-03-31 11:24:00+00:00,2017,1,ny_am,1,low,discount,0.006583542909024326,0.0004110152075626798,0.0005803549837984234,none,na,range,bull,flat,0,flat,0.0
2017-04-04 19:39:00+00:00,2017,2,ny_pm,0,normal,premium,0.02033159248396654,0.0006291712846225699,-0.0002901199646053643,none,na,bull,bear,flat,0,flat,0.0
2017-04-07 13:39:00+00:00,2017,2,ny_am,1,high,equilibrium,0.05276866701460777,0.0020132472151291178,0.0028879308254486733,none,na,bear,range,flat,0,flat,0.0
2017-04-12 07:47:00+00:00,2017,2,london,1,normal,premium,0.015446394334874566,-0.0003864818317306415,0.002266920161300053,none,na,range,bear,flat,0,flat,0.0
2017-04-17 16:16:00+00:00,2017,2,off,0,normal,premium,0.01877556123287856,0.00016051715709518776,0.0001945728760546458,buyside,na,bear,bear,short,8,timeout,-0.43256997455467533
2017-04-20 10:18:00+00:00,2017,2,off,0,low,premium,0.010846150368995191,-0.00011252831554893135,-0.0005379499217527386,buyside,na,bear,bear,short,8,win,0.2777777777778099
2017-04-24 18:17:00+00:00,2017,2,ny_pm,0,normal,premium,0.02157660824683215,0.0003201116780591824,0.0002888135299511664,none,na,bull,bull,flat,0,flat,0.0
2017-04-27 12:29:00+00:00,2017,2,ny_am,1,normal,discount,0.010764696203052176,-0.00014285034045997808,-8.809586735136417e-05,none,na,range,range,flat,0,flat,0.0
2017-05-02 07:17:00+00:00,2017,2,london,1,normal,discount,0.014394703353290083,-0.00041076883028792245,-0.0001242215252013724,none,na,range,bear,flat,0,flat,0.0
2017-05-04 15:37:00+00:00,2017,2,off,0,high,equilibrium,0.02727226396165429,0.0003153089669571578,-0.0002888586502422723,buyside,na,range,bear,flat,0,flat,0.0
2017-05-09 09:44:00+00:00,2017,2,off,0,low,premium,0.0052840098480530255,-1.1890295378717799e-05,0.0006067802337174689,none,na,bull,bull,flat,0,flat,0.0
2017-05-11 17:49:00+00:00,2017,2,ny_pm,0,normal,premium,0.02483848218608295,0.0009574187989181168,0.000670000717857912,none,na,bear,bear,short,6,win,0.3688524590163714
2017-05-16 11:58:00+00:00,2017,2,ny_am,1,normal,premium,0.010966664331468791,0.00017851022506569175,0.0006191080557863982,none,na,range,bull,flat,0,flat,0.0
2017-05-18 19:56:00+00:00,2017,2,ny_pm,0,normal,premium,0.044693816380806564,0.0,-0.0013998503608234983,none,na,bear,range,flat,0,flat,0.0
2017-05-23 13:59:00+00:00,2017,2,ny_am,1,high,discount,0.029550691847546436,-0.00035139722228855425,-0.0015185557484258961,buyside,na,bull,bull,long,4,win,-0.015950920245434482
2017-05-26 08:00:00+00:00,2017,2,london,1,normal,premium,0.013883219712602923,0.00018967683808710908,0.0009253547193090684,none,na,range,bull,flat,0,flat,0.0
2017-05-31 06:20:00+00:00,2017,2,london,1,normal,discount,0.008040160582521286,-0.00013548460704703192,-0.00024717237183284147,buyside,na,range,range,short,5,timeout,-0.2170542635659454
2017-06-02 14:27:00+00:00,2017,2,ny_am,1,high,discount,0.02566445801675571,0.0001300073513247749,4.2544139544846494e-05,buyside,na,bull,range,flat,0,flat,0.0
2017-06-07 09:04:00+00:00,2017,2,off,0,normal,discount,0.0086465913447196,-0.00018914139264807406,-0.0004136538875192349,none,na,bull,bear,flat,0,flat,0.0
2017-06-09 17:17:00+00:00,2017,2,ny_pm,0,high,premium,0.032321395180649665,-0.0005759447845261267,-0.0010221393023135594,sellside,na,bull,bull,long,3,win,0.3582342954159257
2017-06-14 11:25:00+00:00,2017,2,ny_am,1,normal,premium,0.009934037743924718,-4.681319195749362e-05,0.0006558452205279554,none,na,bull,range,flat,0,flat,0.0
2017-06-16 19:27:00+00:00,2017,2,ny_pm,0,normal,premium,0.015398198546337501,0.00018027298480549457,-9.362265855582369e-05,none,na,range,range,flat,0,flat,0.0
2017-06-21 13:41:00+00:00,2017,2,ny_am,1,normal,discount,0.026546995159269986,-0.001111964082164443,-0.0007609623963567905,sellside,na,bear,bull,long,5,win,-0.19565217391263084
2017-06-26 07:47:00+00:00,2017,2,london,1,normal,premium,0.00837476631403989,0.0002587955515142698,0.0014028289995798176,none,na,range,bear,flat,0,flat,0.0
2017-06-28 15:51:00+00:00,2017,2,off,0,high,premium,0.026368731385372608,9.319664492078285e-05,0.0016100805040252012,buyside,na,range,bear,flat,0,flat,0.0
2017-07-03 09:51:00+00:00,2017,3,off,0,normal,premium,0.014008327023615546,0.0,0.0002357890411790046,buyside,na,bull,range,short,4,win,0.5633802816902563
2017-07-06 11:24:00+00:00,2017,3,ny_am,1,normal,discount,0.012255041205163467,-0.0004320774282751469,0.00028046622836027757,none,na,bear,range,flat,0,flat,0.0
2017-07-10 19:23:00+00:00,2017,3,ny_pm,0,normal,premium,0.013972767037369088,-0.0004199818007886325,-0.0006997737398241235,none,na,range,range,flat,0,flat,0.0
2017-07-13 13:33:00+00:00,2017,3,ny_am,1,normal,premium,0.019734854132377397,0.0004504567259690962,4.409897667167511e-05,sellside,na,bull,range,long,5,loss,-1.1449275362318534
2017-07-18 07:38:00+00:00,2017,3,london,1,low,discount,0.01627138402617464,-0.00027508790098688257,-0.00016183474360752763,none,na,range,range,flat,0,flat,0.0
2017-07-20 15:50:00+00:00,2017,3,off,0,high,discount,0.024657619963104133,0.0005953994388880878,-0.0006478781988986071,none,na,bull,range,flat,0,flat,0.0
2017-07-25 10:06:00+00:00,2017,3,off,0,low,premium,0.0076858054885336645,0.00017393562990208582,0.0007193259683635798,buyside,na,range,bear,short,4,loss,-1.3174603174605375
2017-07-27 18:10:00+00:00,2017,3,ny_pm,0,normal,discount,0.039871539755763886,0.00044889192754193685,-0.0001840442810540216,buyside,na,bull,range,short,4,loss,-1.1030927835051856
2017-08-01 12:12:00+00:00,2017,3,ny_am,1,low,premium,0.008168537612104468,9.094195402429515e-05,-0.0003295259825555763,none,na,bull,bull,flat,0,flat,0.0
2017-08-04 06:29:00+00:00,2017,3,london,1,high,premium,0.012726210987920825,-0.00018149232060618434,7.034598880360863e-05,none,na,bull,bull,flat,0,flat,0.0
2017-08-08 15:09:00+00:00,2017,3,off,0,high,premium,0.026356692601501735,0.0007270428323059245,0.0020846051233353023,none,na,range,range,flat,0,flat,0.0
2017-08-11 09:25:00+00:00,2017,3,off,0,normal,discount,0.029371608203136213,0.00010078451583350982,0.00011223858716818506,buyside,na,bear,range,short,4,timeout,-0.18081918081916892
2017-08-15 18:05:00+00:00,2017,3,ny_pm,0,normal,discount,0.013419095679083861,-4.549073126350506e-05,0.00020475952131774128,buyside,na,range,range,short,4,loss,-1.049751243781098
2017-08-18 12:45:00+00:00,2017,3,ny_am,1,normal,discount,0.013661832751780048,-0.0005054450213665395,2.298692044226835e-05,none,na,bear,bull,flat,0,flat,0.0
2017-08-23 07:52:00+00:00,2017,3,london,1,normal,premium,0.010697877812217505,0.00032,0.00020569077819677752,none,na,bull,range,flat,0,flat,0.0
2017-08-25 16:33:00+00:00,2017,3,off,0,normal,equilibrium,0.0150423573758286,6.87096330905593e-05,0.0005499415687083248,none,na,range,range,flat,0,flat,0.0
2017-08-30 11:04:00+00:00,2017,3,ny_am,1,low,discount,0.0072475196667597785,0.0001620897246529007,0.0003721996542882404,none,na,bull,bear,flat,0,flat,0.0
2017-09-01 19:44:00+00:00,2017,3,ny_pm,0,normal,discount,0.011091169313341899,-0.00046784581982027784,-0.0004996252810392206,buyside,na,bull,bull,long,6,loss,-1.1923076923076654
2017-09-06 17:54:00+00:00,2017,3,ny_pm,0,normal,premium,0.01364522892904756,-0.00034122658361199687,0.0003208279193621941,none,na,bull,bear,flat,0,flat,0.0
2017-09-11 12:55:00+00:00,2017,3,ny_am,1,low,equilibrium,0.007381718706711343,0.00022798777985499978,0.0004788944379831703,buyside,na,bull,bull,flat,0,flat,0.0
2017-09-14 08:13:00+00:00,2017,3,london,1,low,premium,0.012526101783259025,-0.00016259097755576905,-0.00027547027517683985,sellside,na,bull,range,long,5,win,0.019108280254965988
2017-09-18 17:28:00+00:00,2017,3,ny_pm,0,normal,premium,0.00976775565958127,4.476275738585497e-05,-0.00040268456375838925,none,na,bull,bull,flat,0,flat,0.0
2017-09-21 12:36:00+00:00,2017,3,ny_am,1,low,premium,0.006061602600219292,-0.00012048327179021308,-0.00013163766175817616,sellside,na,bear,range,long,5,loss,-1.246913580246958
2017-09-26 07:27:00+00:00,2017,3,london,1,normal,equilibrium,0.009392426775194048,-0.0002017891975516244,-0.00011211516469717694,none,na,bear,bear,flat,0,flat,0.0
2017-09-28 16:30:00+00:00,2017,3,off,0,normal,premium,0.014356726783295559,2.233937985881512e-05,0.0009167337447455505,none,na,bear,range,flat,0,flat,0.0
2017-10-03 11:59:00+00:00,2017,4,ny_am,1,low,discount,0.004474367521611892,0.00010622453654003745,0.0,none,na,bull,bull,long,7,win,0.231788079470221
2017-10-06 07:45:00+00:00,2017,4,london,1,low,premium,0.006223502600367296,-6.804811660370851e-05,-0.0002150882190913979,none,na,range,range,flat,0,flat,0.0
2017-10-10 17:15:00+00:00,2017,4,ny_pm,0,high,premium,0.01314748768598304,0.00024114345843563663,0.0011849121190178394,none,na,range,bull,flat,0,flat,0.0
2017-10-13 13:25:00+00:00,2017,4,ny_am,1,high,premium,0.009194649959779644,-8.959966432903062e-05,-0.00010926573426573427,sellside,na,range,bull,flat,0,flat,0.0
2017-10-18 09:37:00+00:00,2017,4,off,0,low,premium,0.005113489139175838,0.00013019420635781707,0.00017359980904021005,none,na,bull,bull,flat,0,flat,0.0
2017-10-20 18:05:00+00:00,2017,4,ny_pm,0,normal,premium,0.012285178893488492,-0.00017158912982862535,0.0008158533181613243,none,na,bear,range,flat,0,flat,0.0
2017-10-25 12:40:00+00:00,2017,4,ny_am,1,normal,discount,0.014279072907297602,0.0,0.0007471926903206525,none,na,bull,bull,long,7,win,0.0
2017-10-30 07:07:00+00:00,2017,4,london,1,high,premium,0.006893673358519925,0.0002563171497532947,-0.0005549034254615303,none,na,bear,bull,flat,0,flat,0.0
2017-11-01 15:50:00+00:00,2017,4,off,0,high,equilibrium,0.02628356206782884,-0.00029880690670821506,-0.002937607765502267,none,na,range,range,flat,0,flat,0.0
2017-11-06 11:44:00+00:00,2017,4,off,0,low,equilibrium,0.006276457133298856,0.0003826286588865506,0.000425161029740014,none,na,range,range,flat,0,flat,0.0
2017-11-08 20:10:00+00:00,2017,4,ny_pm,0,normal,premium,0.012901060565631025,4.244932611694789e-05,-0.00016976127320954908,none,na,bull,range,flat,0,flat,0.0
2017-11-13 14:26:00+00:00,2017,4,ny_am,1,normal,discount,0.013644736019900858,0.0007285662245269677,0.0005570433851098018,none,na,range,range,flat,0,flat,0.0
2017-11-16 08:50:00+00:00,2017,4,london,1,normal,premium,0.011746711404788467,8.570632726961069e-05,-0.00012853195090079474,buyside,na,bull,range,short,5,win,0.1449275362318535
2017-11-20 17:14:00+00:00,2017,4,off,0,normal,premium,0.009068964686342522,0.00010660526203573408,8.528239131825257e-05,buyside,na,bear,bull,short,4,timeout,1.7777777777777777
2017-11-23 11:40:00+00:00,2017,4,off,0,normal,discount,0.00829375665698443,-0.00010622928528936857,0.0005102149280384362,none,na,range,bull,flat,0,flat,0.0
2017-11-28 12:16:00+00:00,2017,4,ny_am,1,normal,premium,0.008017245031619878,2.116222965251619e-05,0.0005928811908442205,none,na,bull,bull,flat,0,flat,0.0
2017-11-30 20:26:00+00:00,2017,4,ny_pm,0,normal,premium,0.02303804414475433,0.0008260196179659267,-0.0013187990685981578,buyside,na,bull,range,short,4,win,0.060667340748229645
2017-12-05 14:41:00+00:00,2017,4,ny_am,1,normal,discount,0.03874235663747057,-0.0027096376885969416,-0.002914315033350436,none,na,bull,bull,long,7,win,0.5970149253730695
2017-12-08 08:56:00+00:00,2017,4,london,1,normal,premium,0.014309066445605204,0.00030938679537157354,0.00016498247061249742,none,na,bull,range,flat,0,flat,0.0
2017-12-12 17:17:00+00:00,2017,4,off,0,high,premium,0.020772391979515584,0.0010805300713557595,0.002859301921859363,none,na,bull,bull,flat,0,flat,0.0
2017-12-15 11:35:00+00:00,2017,4,off,0,low,discount,0.008816282554581637,-0.0001423574391930367,0.00036624819419293144,sellside,na,bear,bull,long,4,win,0.0
2017-12-19 19:46:00+00:00,2017,4,ny_pm,0,normal,discount,0.017005524694610207,-0.00026229243588967577,-6.054123867374327e-05,sellside,na,range,range,long,4,win,0.29761904761899605
2017-12-22 14:05:00+00:00,2017,4,ny_am,1,normal,discount,0.012689903221476468,-0.0004440945517672945,-0.0006861617323565619,none,na,range,range,flat,0,flat,0.0
2017-12-28 09:45:00+00:00,2017,4,london,1,low,premium,0.005935926167230697,-8.06370325572019e-05,0.0003226782293032167,none,na,bull,range,flat,0,flat,0.0
2018-01-02 18:15:00+00:00,2018,1,ny_pm,0,normal,discount,0.015023954937695223,0.0008884043047226765,0.0008075750540065817,none,na,range,range,flat,0,flat,0.0
2018-01-05 12:50:00+00:00,2018,1,ny_am,1,normal,premium,0.007099653944663974,-0.00011921082434285033,3.97432585497685e-05,none,na,bull,bull,flat,0,flat,0.0
2018-01-10 07:13:00+00:00,2018,1,london,1,high,premium,0.020675329211290113,0.0,-0.0007870762086539029,none,na,bull,range,flat,0,flat,0.0
2018-01-12 15:33:00+00:00,2018,1,ny_am,1,high,premium,0.02511622261711426,0.0010499095911185425,0.0030000194806459783,none,na,bull,bull,flat,0,flat,0.0
2018-01-17 12:49:00+00:00,2018,1,ny_am,1,normal,premium,0.029671705722462624,-0.0015775601685295985,-0.0011163506880954672,none,na,range,range,flat,0,flat,0.0
2018-01-22 07:41:00+00:00,2018,1,london,1,high,premium,0.009967893551113206,-0.00024981744110073406,-0.0014778703312732717,none,na,range,bull,flat,0,flat,0.0
2018-01-24 15:54:00+00:00,2018,1,ny_am,1,high,premium,0.02508602839071756,0.0004361677918531442,0.0012906409550743068,buyside,na,bear,bull,flat,0,flat,0.0
2018-01-29 10:09:00+00:00,2018,1,off,0,normal,premium,0.02425606792974391,0.0009042102288782141,-0.001841032481073059,none,na,bull,range,flat,0,flat,0.0
2018-01-31 18:19:00+00:00,2018,1,ny_pm,0,normal,equilibrium,0.02402086699044662,0.0002860630101457014,0.0008204854220729659,buyside,na,bull,range,short,4,loss,-1.0694444444444375
2018-02-05 12:34:00+00:00,2018,1,ny_am,1,high,discount,0.06101733401320284,0.0024235200635677394,-0.0027863960634744974,none,na,bear,bear,flat,0,flat,0.0
2018-02-07 20:44:00+00:00,2018,1,ny_pm,0,normal,premium,0.09695432282604785,-0.0009938777132861574,0.004798272621856132,none,na,bull,range,flat,0,flat,0.0
2018-02-12 14:59:00+00:00,2018,1,ny_am,1,normal,premium,0.13828773185691184,-0.004198512177723428,0.0015989832106762878,sellside,na,range,bear,long,5,win,0.10135135135135634
2018-02-15 09:48:00+00:00,2018,1,london,1,low,premium,0.025667286219383422,0.00019899705484358832,0.0021733495503758497,none,na,bear,range,flat,0,flat,0.0
2018-02-20 07:19:00+00:00,2018,1,london,1,normal,equilibrium,0.02765028094771149,1.9852298896212182e-05,0.0009140222941959584,sellside,na,bear,range,long,5,loss,-1.0529100529100488
2018-02-22 15:30:00+00:00,2018,1,ny_am,1,high,equilibrium,0.08089504485549863,0.0009418460181956635,0.0034755705560912888,none,na,range,range,flat,0,flat,0.0
2018-02-27 09:46:00+00:00,2018,1,london,1,normal,premium,0.0253073641763733,0.00017498833411105927,-0.00044691434789367326,none,na,bull,range,flat,0,flat,0.0
2018-03-01 17:56:00+00:00,2018,1,off,0,high,discount,0.10651511281164852,-0.0005225710495638542,-0.00859267529256963,sellside,na,range,range,flat,0,flat,0.0
2018-03-06 12:13:00+00:00,2018,1,ny_am,1,low,premium,0.026683606091977025,-0.00037946874375873775,0.0015608428551417766,none,na,bull,bear,flat,0,flat,0.0
2018-03-08 20:24:00+00:00,2018,1,ny_pm,0,normal,premium,0.052362355169745134,0.0006031848158275696,0.005048873091525971,none,na,range,bull,flat,0,flat,0.0
2018-03-13 13:42:00+00:00,2018,1,ny_am,1,high,premium,0.054682159001957914,0.0019574114716175337,0.002532246577510485,none,na,range,bull,flat,0,flat,0.0
2018-03-16 08:01:00+00:00,2018,1,london,1,low,discount,0.01921248137239975,0.0002012112919777058,-0.000301665191859062,sellside,na,range,range,long,5,win,0.26595744680852096
2018-03-20 16:11:00+00:00,2018,1,off,0,high,equilibrium,0.04461131983240589,0.0009107652451982432,-0.0014336193841494194,none,na,bull,bear,flat,0,flat,0.0
2018-03-23 10:26:00+00:00,2018,1,off,0,normal,discount,0.05056672565400604,0.0013461214874642437,0.0011987129608210132,sellside,na,bear,range,long,4,timeout,1.0684474123538972
2018-03-27 18:36:00+00:00,2018,1,ny_pm,0,high,discount,0.08421685312763978,-0.0013806177749386965,-0.004089517272559133,buyside,na,range,range,flat,0,flat,0.0
2018-04-02 12:51:00+00:00,2018,2,ny_am,1,low,discount,0.02499795395877858,0.00016640665626625064,-0.0001663512923416024,buyside,na,range,bull,short,5,loss,-1.2127659574467755
2018-04-05 07:06:00+00:00,2018,2,london,1,low,premium,0.04423945537511036,6.149305128520478e-05,0.0019509590503963528,none,na,range,range,flat,0,flat,0.0
2018-04-09 15:16:00+00:00,2018,2,off,0,normal,premium,0.07017013606272098,0.0021092247565086125,0.004248176392572944,buyside,na,range,range,short,4,win,0.33536585365850685
2018-04-12 09:31:00+00:00,2018,2,off,0,low,discount,0.019976578290395564,0.0005370680217305985,-0.0006808335052609862,none,na,range,range,flat,0,flat,0.0
2018-04-16 03:01:00+00:00,2018,2,asia,0,normal,premium,0.021023615200246024,-0.0005928045789043336,-0.0011236873288930657,sellside,na,bear,bull,long,4,loss,-1.1315789473684463
2018-04-17 16:49:00+00:00,2018,2,off,0,normal,premium,0.03242012149580312,-0.0005845595646039105,-0.0016109220515092325,buyside,na,bull,bear,short,4,win,0.4605263157894884
2018-04-19 08:34:00+00:00,2018,2,london,1,normal,discount,0.019721111859258525,4.0384460059769e-05,-0.0006053757365404794,none,na,bull,bear,flat,0,flat,0.0
2018-04-23 02:11:00+00:00,2018,2,asia,0,normal,premium,0.018682141587504215,-0.0005909563303649665,-8.155276463872126e-05,none,na,bear,bear,short,6,win,0.28052805280528725
2018-04-24 16:10:00+00:00,2018,2,off,0,high,discount,0.07733210093374146,-0.002792550460976161,-0.005080613770921681,none,na,bull,range,flat,0,flat,0.0
2018-04-26 07:42:00+00:00,2018,2,london,1,normal,premium,0.03194590858760758,-0.0008087091757387247,0.0005814194941650401,none,na,range,range,flat,0,flat,0.0
2018-04-30 01:17:00+00:00,2018,2,asia,0,low,premium,0.013472351012704937,0.0002669404517453799,0.00014371945961483184,none,na,bull,bull,flat,0,flat,0.0
2018-05-01 15:08:00+00:00,2018,2,off,0,high,discount,0.06279839200850391,-0.0008997886542928289,-0.0027153479822875763,none,na,bear,bear,flat,0,flat,0.0
2018-05-03 06:51:00+00:00,2018,2,london,1,normal,discount,0.017270649773187513,0.0002720177439266808,0.00039761431411530816,none,na,range,range,flat,0,flat,0.0
2018-05-07 00:24:00+00:00,2018,2,asia,0,high,premium,0.025683626562849556,-0.00030806514550943707,0.002492019359489239,none,na,range,range,flat,0,flat,0.0
2018-05-08 14:15:00+00:00,2018,2,ny_am,1,high,discount,0.05422842367230898,-0.0004938779709846692,-0.0020136020875711437,buyside,na,range,range,flat,0,flat,0.0
2018-05-10 06:02:00+00:00,2018,2,london,1,low,premium,0.007845790034749603,-0.00012206286237412267,-0.0002644318782799723,sellside,na,bull,range,long,5,loss,-1.4347826086957898
2018-05-11 20:05:00+00:00,2018,2,off,0,high,premium,0.03519175121233032,0.0010279356633208368,0.0016133911465160836,none,na,range,bull,flat,0,flat,0.0
2018-05-15 13:54:00+00:00,2018,2,ny_am,1,high,discount,0.06802817484898853,-0.000970422335887431,-0.0012934780411891914,buyside,na,bear,range,flat,0,flat,0.0
2018-05-17 05:53:00+00:00,2018,2,off,0,normal,discount,0.016919712417207074,-0.0009495524981311999,-0.0009697361509555942,none,na,range,range,flat,0,flat,0.0
2018-05-18 19:43:00+00:00,2018,2,ny_pm,0,normal,discount,0.02316448882426633,0.0005460391934798876,0.00022238845197420295,buyside,na,bull,bear,short,4,win,0.8434782608696285
2018-05-22 14:48:00+00:00,2018,2,ny_am,1,high,discount,0.039537093575256,-0.00046043280683842814,-0.0023378024656822587,sellside,na,bull,bull,long,6,timeout,1.1413043478259968
2018-05-24 06:29:00+00:00,2018,2,london,1,low,discount,0.01303854115566637,0.0,0.00022168480451430876,sellside,na,bull,range,long,5,win,1.511627906977
2018-05-28 00:06:00+00:00,2018,2,asia,0,high,premium,0.04983408906738723,0.004203718674211803,0.00414283693389649,buyside,na,bear,bull,flat,0,flat,0.0
2018-05-29 17:23:00+00:00,2018,2,ny_pm,0,high,discount,0.050520250634167624,0.0003496000164517655,-0.000431521627452995,none,na,bear,range,flat,0,flat,0.0
2018-05-31 09:05:00+00:00,2018,2,off,0,low,premium,0.0175515894209647,-6.07668780003646e-05,0.0008718042292642378,sellside,na,bull,bear,long,4,win,0.043478260869565216
2018-06-04 02:47:00+00:00,2018,2,asia,0,normal,premium,0.009915706307036516,-2.024742351535767e-05,0.0009728415079043373,none,na,range,range,flat,0,flat,0.0
2018-06-05 16:44:00+00:00,2018,2,off,0,high,discount,0.03376380802467509,0.0006466214031684449,0.0016789044642676538,none,na,bear,range,flat,0,flat,0.0
2018-06-07 08:50:00+00:00,2018,2,london,1,normal,premium,0.02431891189455434,-0.0006348072764784066,-0.0020008716668647726,none,na,bull,range,flat,0,flat,0.0
2018-06-11 02:35:00+00:00,2018,2,asia,0,low,premium,0.00924804752620022,-0.00017783046828689981,0.0004943055994938311,none,na,range,range,flat,0,flat,0.0
2018-06-12 16:37:00+00:00,2018,2,off,0,normal,discount,0.01561222628576519,-0.0006906622464282895,-1.9746455511235732e-05,none,na,range,bear,flat,0,flat,0.0
2018-06-14 08:46:00+00:00,2018,2,london,1,normal,discount,0.014435812969564732,0.0005762085477557671,0.0008944010494305646,buyside,na,bear,bull,short,5,win,0.014705882352941176
2018-06-18 02:20:00+00:00,2018,2,asia,0,normal,discount,0.02483333399069338,0.0008615335296828354,-0.0008800352014080563,none,na,range,bear,flat,0,flat,0.0
2018-06-19 16:12:00+00:00,2018,2,off,0,high,premium,0.03955404374560445,-0.0012945245656263275,0.001683843219995131,sellside,na,bear,bear,short,3,timeout,2.207792207791999
2018-06-21 07:51:00+00:00,2018,2,london,1,high,discount,0.03164943241384533,-0.00032416881090828047,-0.0006886075949367089,sellside,na,range,range,flat,0,flat,0.0
2018-06-25 01:22:00+00:00,2018,2,asia,0,high,discount,0.046378366001781496,-0.0006121949228634397,-0.0036619603694511126,none,na,bull,bear,flat,0,flat,0.0
2018-06-26 15:08:00+00:00,2018,2,off,0,high,equilibrium,0.05378466243260679,0.0005354531787383899,0.0003706372902295892,buyside,na,range,range,flat,0,flat,0.0
2018-06-28 06:44:00+00:00,2018,2,london,1,normal,discount,0.0205148550174861,-0.0002066756226103131,-4.134196002232466e-05,sellside,na,bull,range,long,5,loss,-1.0740740740740742
2018-07-02 00:16:00+00:00,2018,3,asia,0,high,discount,0.0395537887868012,0.0002882437718756434,-0.004324213546469925,none,na,range,bear,flat,0,flat,0.0
2018-07-03 14:15:00+00:00,2018,3,ny_am,1,high,premium,0.049234839809941464,-0.00036902638538655513,-0.0021692417886012482,none,na,bull,range,flat,0,flat,0.0
2018-07-05 12:15:00+00:00,2018,3,ny_am,1,normal,premium,0.01709106026148501,-0.000184660839591284,0.0011093990755007704,sellside,na,range,bear,long,5,timeout,-0.3886397608370618
2018-07-09 05:54:00+00:00,2018,3,off,0,low,premium,0.011113702267843325,0.00010164667615368977,-0.000203231378924906,none,na,bull,bull,flat,0,flat,0.0
2018-07-10 19:48:00+00:00,2018,3,ny_pm,0,normal,equilibrium,0.02502262907557677,-0.0005216798089849315,-0.00010036532980047372,sellside,na,bull,range,long,4,win,1.0034602076124062
2018-07-12 11:24:00+00:00,2018,3,ny_am,1,normal,premium,0.018543515481287444,0.0,0.0011868839267752968,sellside,na,bull,range,long,5,loss,-1.1754385964912057
2018-07-16 05:09:00+00:00,2018,3,off,0,low,discount,0.00806456979730913,-3.988751720149179e-05,3.989069948341544e-05,none,na,bull,range,flat,0,flat,0.0
2018-07-17 19:16:00+00:00,2018,3,ny_pm,0,normal,premium,0.02305990667779722,0.00149402390438247,0.0010752474064634316,none,na,range,bull,flat,0,flat,0.0
2018-07-19 11:07:00+00:00,2018,3,ny_am,1,normal,discount,0.013919349622225333,7.963844147570032e-05,-0.00027863469001890734,none,na,bull,bull,long,7,loss,-1.0980392156862675
2018-07-23 04:59:00+00:00,2018,3,off,0,low,discount,0.010305486567748762,0.00029982010793523883,-5.9942455242966753e-05,buyside,na,range,bear,short,4,loss,-1.17241379310347
2018-07-24 18:55:00+00:00,2018,3,ny_pm,0,high,discount,0.03390588930712892,-0.00015880262818349645,-0.0006349080375389377,sellside,na,bull,range,flat,0,flat,0.0
2018-07-26 10:33:00+00:00,2018,3,off,0,normal,premium,0.014960165753474884,-7.856539587138845e-05,-3.9284241126672034e-05,sellside,na,range,range,long,4,win,0.219780219780211
2018-07-30 04:13:00+00:00,2018,3,off,0,low,discount,0.007933844174597606,-3.938170719700699e-05,0.00029546170816262214,none,na,bear,range,flat,0,flat,0.0
2018-07-31 18:14:00+00:00,2018,3,ny_pm,0,normal,premium,0.0223021561829912,-0.0009421555734390641,-0.0003927806909012353,sellside,na,bull,range,long,4,win,0.2696629213483146
2018-08-02 09:52:00+00:00,2018,3,off,0,high,discount,0.02945693990494189,0.0004772700155112755,-0.0019639350116050706,buyside,na,bear,range,flat,0,flat,0.0
2018-08-06 03:25:00+00:00,2018,3,asia,0,low,premium,0.007522542723668005,-0.00015682277066630075,0.00013726028471704773,sellside,na,bull,range,long,4,timeout,-0.35046728971963215
2018-08-07 17:37:00+00:00,2018,3,ny_pm,0,normal,premium,0.014242571878917941,-0.0002727821834265339,-0.00015589375840364793,buyside,na,bull,range,short,4,win,0.22556390977444843
2018-08-09 09:47:00+00:00,2018,3,off,0,normal,premium,0.010652125307933745,-5.869577977343429e-05,0.00029358229111619985,buyside,na,range,range,short,4,win,-0.03731343283581685
2018-08-13 03:26:00+00:00,2018,3,asia,0,normal,discount,0.014085661277287253,-3.967151981592415e-05,-0.0006937974507899379,none,na,bear,range,flat,0,flat,0.0
2018-08-14 17:19:00+00:00,2018,3,ny_pm,0,normal,premium,0.019948229897837108,-7.903420205093755e-05,0.00019764017629503726,buyside,na,range,bear,short,4,win,0.09523809523809523
2018-08-16 09:05:00+00:00,2018,3,off,0,normal,premium,0.017487041191370765,0.0,0.0008313374636289859,none,na,range,bear,flat,0,flat,0.0
2018-08-20 02:37:00+00:00,2018,3,asia,0,normal,premium,0.01507324505773467,0.0,0.0005257623554153522,buyside,na,range,bull,short,4,timeout,0.5523255813953255
2018-08-21 16:55:00+00:00,2018,3,off,0,normal,premium,0.016927389350984458,0.0005024251676360896,0.0013732012997060188,buyside,na,bull,bull,flat,0,flat,0.0
2018-08-23 08:29:00+00:00,2018,3,london,1,normal,discount,0.015581184860874602,0.0007784372871460543,7.778923008109527e-05,none,na,range,bear,flat,0,flat,0.0
2018-08-27 02:12:00+00:00,2018,3,asia,0,normal,premium,0.0105713577899422,0.00019331889885555213,-9.66314284057747e-05,none,na,bull,bear,flat,0,flat,0.0
2018-08-28 16:26:00+00:00,2018,3,off,0,high,discount,0.018659012477349465,0.00023024233005238014,-0.00134097047949273,none,na,bull,range,flat,0,flat,0.0
2018-08-30 08:16:00+00:00,2018,3,london,1,normal,discount,0.012923863372240493,-7.673713693742087e-05,-0.0006902105142068331,none,na,range,range,flat,0,flat,0.0
2018-09-03 01:51:00+00:00,2018,3,asia,0,normal,premium,0.016833156903551784,0.00017322016282695306,3.8488184127472866e-05,buyside,na,bear,bear,short,8,win,0.42553191489355113
2018-09-04 19:19:00+00:00,2018,3,ny_pm,0,normal,equilibrium,0.02235775505557999,-0.0005586161729013369,0.00015421092198854983,none,na,bull,range,flat,0,flat,0.0
2018-09-06 10:59:00+00:00,2018,3,off,0,normal,premium,0.015242250485218139,-0.0008465282721203609,-0.00103872121876623,none,na,bear,bull,flat,0,flat,0.0
2018-09-10 04:31:00+00:00,2018,3,off,0,low,premium,0.007237074525996412,-0.0002695521583426393,-0.0005581968317517757,none,na,bear,range,flat,0,flat,0.0
2018-09-11 18:19:00+00:00,2018,3,ny_pm,0,normal,premium,0.018353482959086204,0.00021164021164021165,-0.0007304321082577272,buyside,na,range,range,short,4,loss,-1.1886792452830448
2018-09-13 10:03:00+00:00,2018,3,off,0,normal,premium,0.012502059369640859,0.00022099022838859692,-0.00036490042059574793,none,na,bull,range,flat,0,flat,0.0
2018-09-17 03:54:00+00:00,2018,3,asia,0,low,discount,0.006107133137780374,0.00030641948827945457,0.00011488530616934095,none,na,range,bull,flat,0,flat,0.0
2018-09-18 17:47:00+00:00,2018,3,ny_pm,0,normal,premium,0.01618035365508263,0.0005719842132357147,0.0008391341661104225,buyside,na,bull,bear,short,4,loss,-1.1666666666666667
2018-09-20 09:42:00+00:00,2018,3,off,0,normal,premium,0.013013081820137468,0.000170174144874922,0.00047284900985417337,buyside,na,range,bull,short,4,loss,-1.2040816326530006
2018-09-24 03:23:00+00:00,2018,3,asia,0,low,discount,0.005982772785842965,-0.0001875363351649382,0.00024390243902439024,none,na,bear,bull,flat,0,flat,0.0
2018-09-25 17:59:00+00:00,2018,3,ny_pm,0,high,discount,0.02374330796142509,-7.542473554202101e-05,-0.0023328880778131058,buyside,na,bull,bear,flat,0,flat,0.0
2018-09-27 09:47:00+00:00,2018,3,off,0,normal,equilibrium,0.015005939921545617,-2.8425780287668896e-05,0.0007491275982400243,none,na,bear,bear,flat,0,flat,0.0
2018-10-01 03:22:00+00:00,2018,4,asia,0,normal,premium,0.009972177686406979,-0.00011262740975728793,0.0005635178541240115,none,na,range,bear,flat,0,flat,0.0
2018-10-02 17:22:00+00:00,2018,4,ny_pm,0,normal,premium,0.020867872506885782,0.0009338637679535309,0.0010460446436910433,none,na,bear,range,flat,0,flat,0.0
2018-10-04 09:01:00+00:00,2018,4,off,0,normal,discount,0.02329130917446476,0.0002621084754647745,-0.0011591168277589785,sellside,na,range,range,long,4,win,2.738095238094764
2018-10-08 02:35:00+00:00,2018,4,asia,0,normal,discount,0.019710063233200632,-0.00033992408362132457,-0.0010379316852236272,sellside,na,bear,bear,flat,0,flat,0.0
2018-10-09 16:20:00+00:00,2018,4,off,0,high,premium,0.04239830430042789,-0.0017155245546234329,0.0014751494061578032,none,na,range,range,flat,0,flat,0.0
2018-10-11 07:50:00+00:00,2018,4,london,1,normal,discount,0.06025462170263095,-0.003613440427328607,0.0007890013215772136,none,na,bear,range,flat,0,flat,0.0
2018-10-15 01:21:00+00:00,2018,4,asia,0,normal,premium,0.04874019083775688,0.0013486444140338352,-0.0018583318506217503,buyside,na,bear,range,short,4,timeout,-0.8414043583535257
2018-10-16 15:06:00+00:00,2018,4,off,0,high,premium,0.05321687359459104,-0.00023464998044583498,0.001312156048647696,sellside,na,range,range,flat,0,flat,0.0
2018-10-18 06:38:00+00:00,2018,4,london,1,normal,discount,0.021316047677874813,0.00040026944967832005,-0.0015200530069766536,none,na,range,range,flat,0,flat,0.0
2018-10-22 00:11:00+00:00,2018,4,asia,0,high,discount,0.054353534200049305,-0.0030300645364394773,-0.0058468058389577774,none,na,range,bear,flat,0,flat,0.0
2018-10-23 13:57:00+00:00,2018,4,ny_am,1,high,equilibrium,0.12117477739296083,-0.002040408081616323,0.0010032505317227817,sellside,na,bear,range,flat,0,flat,0.0
2018-10-25 05:27:00+00:00,2018,4,off,0,normal,equilibrium,0.035496269276547456,-0.0004867364322219518,-0.0018228217280349982,sellside,na,range,range,long,4,timeout,0.7350272232305094
2018-10-26 19:12:00+00:00,2018,4,ny_pm,0,high,discount,0.12711715839701004,-0.003406395101279426,-0.007371354713627918,sellside,na,range,range,flat,0,flat,0.0
2018-10-30 12:42:00+00:00,2018,4,ny_am,1,normal,equilibrium,0.03316172678055222,-0.001037935525887333,-0.0004480013032765186,none,na,range,bear,flat,0,flat,0.0
2018-11-01 04:14:00+00:00,2018,4,off,0,low,premium,0.01427534543751969,-0.00047609601269589367,-0.0001190665184949992,sellside,na,bear,bull,long,4,loss,-1.1666666666666667
2018-11-02 17:59:00+00:00,2018,4,ny_pm,0,high,discount,0.07367191797666686,-0.0012898616871390867,0.0011936022917164002,none,na,bull,range,flat,0,flat,0.0
2018-11-06 11:30:00+00:00,2018,4,off,0,normal,discount,0.02347656088307292,2.9475628567779208e-05,0.0007472518828780996,none,na,bull,range,flat,0,flat,0.0
2018-11-08 03:00:00+00:00,2018,4,asia,0,low,premium,0.018252720189030264,0.0004585841215247922,0.0014344732614184072,buyside,na,range,range,short,4,loss,-1.1020408163265383
2018-11-09 16:46:00+00:00,2018,4,off,0,high,discount,0.07207109141437722,-0.0013647022642524892,-0.003356992135046998,none,na,bear,range,flat,0,flat,0.0
2018-11-13 09:16:00+00:00,2018,4,london,1,normal,discount,0.04287660178207436,-0.0015489284944022901,-0.0031906355824378022,none,na,range,bear,flat,0,flat,0.0
2018-11-15 00:46:00+00:00,2018,4,off,0,normal,discount,0.03294402687108597,-0.0010164019371425154,0.001298415932562274,none,na,bear,bear,flat,0,flat,0.0
2018-11-16 14:31:00+00:00,2018,4,ny_am,1,high,discount,0.07176666444442267,-0.0007136768233451619,0.0024859790780000796,sellside,na,bull,bear,flat,0,flat,0.0
2018-11-20 07:01:00+00:00,2018,4,london,1,low,premium,0.02323520867704351,0.00016016016016016016,0.0002803139516258209,buyside,na,range,bear,short,5,win,0.3642384105960616
2018-11-21 20:46:00+00:00,2018,4,ny_pm,0,normal,discount,0.06160499357485643,-0.0003263640999490056,-0.004630663931596157,sellside,na,bull,range,long,4,loss,-1.0862068965517349
2018-11-23 15:32:00+00:00,2018,4,ny_am,1,high,discount,0.05539255940255246,-0.0012222804260520342,0.0004321076565361427,sellside,na,bear,bear,flat,0,flat,0.0
2018-11-27 11:04:00+00:00,2018,4,off,0,normal,discount,0.03575604071389384,-0.001037344398340249,-0.0015653588127668226,none,na,bull,range,flat,0,flat,0.0
2018-11-29 02:35:00+00:00,2018,4,asia,0,normal,premium,0.01522373120812761,-0.0005531410509679968,-0.000997186157871353,none,na,bull,range,flat,0,flat,0.0
2018-11-30 16:21:00+00:00,2018,4,off,0,high,equilibrium,0.03465098196316804,-0.0004938271604938272,-0.0004938271604938272,none,na,bear,range,flat,0,flat,0.0
2018-12-04 08:52:00+00:00,2018,4,london,1,normal,discount,0.027835775314614758,0.00013627956779908499,-0.0001557026080186843,buyside,na,bear,bull,short,5,win,0.30303030303030304
2018-12-06 07:07:00+00:00,2018,4,london,1,normal,discount,0.03885680034058328,0.0007693086344771738,-0.00010113677737772563,buyside,na,range,bear,short,5,loss,-1.0680272108843503
2018-12-07 20:52:00+00:00,2018,4,ny_pm,0,high,discount,0.1439253137293695,-0.0026163563150256525,-0.000532557710821163,sellside,na,bull,range,flat,0,flat,0.0
2018-12-11 13:44:00+00:00,2018,4,ny_am,1,high,premium,0.0662289059692171,0.0043337383556095585,0.0034802314758609525,none,na,range,bear,flat,0,flat,0.0
2018-12-13 05:14:00+00:00,2018,4,off,0,low,premium,0.013308889841047092,-0.0003651856360316494,-8.117542008279893e-05,none,na,range,bull,flat,0,flat,0.0
2018-12-14 18:59:00+00:00,2018,4,ny_pm,0,high,discount,0.06131361859703613,-0.0009108033699724689,-0.0022326504454964545,sellside,na,bear,range,flat,0,flat,0.0
2018-12-18 11:29:00+00:00,2018,4,off,0,normal,premium,0.030856354410070414,4.2114129290376924e-05,-0.00033678538351435545,none,na,range,range,flat,0,flat,0.0
2018-12-20 02:59:00+00:00,2018,4,asia,0,normal,discount,0.027163381632384742,-0.000513347022587269,-0.0014957904183939485,none,na,range,bull,flat,0,flat,0.0
2018-12-21 16:51:00+00:00,2018,4,off,0,high,discount,0.13582162931513908,-0.004323643158214922,-0.007084976383412055,none,na,range,range,flat,0,flat,0.0
2018-12-26 12:21:00+00:00,2018,4,ny_am,1,low,premium,0.03978257186110651,-0.00032075514926569983,-0.0004810555733724286,buyside,na,bear,range,short,5,loss,-1.0293255131964822
2018-12-28 03:51:00+00:00,2018,4,asia,0,low,premium,0.03075329740071861,0.0,0.00028056544728606884,sellside,na,range,range,long,4,win,0.14
2018-12-31 18:37:00+00:00,2018,4,ny_pm,0,high,premium,0.0536127964923271,-0.0004290740581824423,0.0011173184357541898,sellside,na,range,bull,flat,0,flat,0.0
2019-01-03 10:07:00+00:00,2019,1,off,0,normal,equilibrium,0.049183709660159974,-0.0015206812652068127,-0.002105994485334028,none,na,bear,bear,flat,0,flat,0.0
2019-01-07 02:37:00+00:00,2019,1,asia,0,normal,premium,0.035418611797979574,0.0005952127885719145,-0.0007218070652173913,none,na,bull,bear,flat,0,flat,0.0
2019-01-08 16:22:00+00:00,2019,1,off,0,high,discount,0.08161008262156923,-0.0002745570128197005,-0.0005067567567567568,none,na,bull,bull,long,3,win,0.2006172839506158
2019-01-10 07:52:00+00:00,2019,1,london,1,normal,discount,0.026085840412936635,-0.0011580897835424915,-0.0007793739731221301,sellside,na,bear,bull,long,5,win,3.879310344828073
2019-01-14 00:23:00+00:00,2019,1,off,0,high,discount,0.03155130162650041,0.0004606750984169528,-0.0034000125153834924,none,na,range,range,flat,0,flat,0.0
2019-01-15 14:08:00+00:00,2019,1,ny_am,1,normal,discount,0.0264144763375595,0.0003140572002847452,-0.0005857127915490011,buyside,na,range,range,short,5,win,-0.031446540880500265
2019-01-17 05:40:00+00:00,2019,1,off,0,low,discount,0.016469739336565398,0.0006225616336017265,-0.0004974918121139257,none,na,bull,bull,long,6,win,0.2619047619047619
2019-01-18 19:25:00+00:00,2019,1,ny_pm,0,high,premium,0.04596876841984177,-0.0009109127345600292,-0.0008704629648373449,sellside,na,bull,bull,long,3,loss,-1.0276243093922646
2019-01-22 15:10:00+00:00,2019,1,ny_am,1,high,discount,0.056961545954587564,-0.00203620370181833,-0.0015075888764388306,none,na,range,range,flat,0,flat,0.0
2019-01-24 06:40:00+00:00,2019,1,off,0,low,premium,0.012388048423823508,-0.0003052254598730262,0.00018322475570032573,none,na,range,bull,flat,0,flat,0.0
2019-01-28 00:33:00+00:00,2019,1,off,0,normal,discount,0.03554273119277847,-6.073858114674441e-05,-0.0012739626304295074,sellside,na,bull,bull,long,8,win,0.07177033492822467
2019-01-29 14:18:00+00:00,2019,1,ny_am,1,normal,premium,0.02046124888799549,-0.00079345703125,-4.0720757406087755e-05,none,na,range,range,flat,0,flat,0.0
2019-01-31 05:48:00+00:00,2019,1,off,0,normal,equilibrium,0.015860651704082854,-0.0001599520143956813,-0.0013779055835130602,sellside,na,range,range,long,4,timeout,-0.32467532467533233
2019-02-01 19:33:00+00:00,2019,1,ny_pm,0,normal,discount,0.04272863411944373,0.0008693306154261219,-0.002350597609561753,none,na,range,range,flat,0,flat,0.0
2019-02-05 13:05:00+00:00,2019,1,ny_am,1,normal,premium,0.016128408530523126,0.0001381842588388574,0.0006320113762047717,none,na,bull,range,flat,0,flat,0.0
2019-02-07 04:40:00+00:00,2019,1,asia,0,low,discount,0.006988638197428071,-0.0001777075723171093,3.949915076825848e-05,none,na,range,bull,flat,0,flat,0.0
2019-02-08 18:25:00+00:00,2019,1,ny_pm,0,normal,premium,0.034112642110339604,-0.0008795953861223837,0.0010415206201053538,none,na,bear,range,flat,0,flat,0.0
2019-02-12 10:56:00+00:00,2019,1,off,0,normal,premium,0.017664226893128084,0.0004957858205255329,0.0013298136276124882,none,na,range,bull,flat,0,flat,0.0
2019-02-14 02:27:00+00:00,2019,1,asia,0,normal,discount,0.017534164021256734,9.809307070548537e-05,9.809307070548537e-05,none,na,bear,range,flat,0,flat,0.0
2019-02-15 16:13:00+00:00,2019,1,off,0,high,premium,0.051547563031665265,-0.0008537886872998933,0.000835795366194993,sellside,na,range,bear,flat,0,flat,0.0
2019-02-19 12:01:00+00:00,2019,1,ny_am,1,high,discount,0.022865351242338235,0.0006590041284670401,-0.0017788433651076006,none,na,range,range,flat,0,flat,0.0
2019-02-21 03:35:00+00:00,2019,1,asia,0,high,premium,0.019860298346113973,0.0004608560400944755,0.0033895040924410208,none,na,bull,bull,flat,0,flat,0.0
2019-02-22 18:20:00+00:00,2019,1,ny_pm,0,normal,premium,0.0249082989340103,-0.000519081034317024,-0.0010952060716687482,sellside,na,bull,range,long,4,win,1.4583333333333333
2019-02-26 10:50:00+00:00,2019,1,off,0,normal,premium,0.01510443033250873,0.0003842090097012775,0.0015193476421263175,none,na,bear,range,flat,0,flat,0.0
2019-02-28 05:25:00+00:00,2019,1,off,0,low,discount,0.007924685676346504,-0.00011548677676406051,5.775339301183944e-05,none,na,bull,bear,flat,0,flat,0.0
2019-03-01 19:12:00+00:00,2019,1,ny_pm,0,normal,discount,0.01821128747811676,0.00038474116538098996,0.0002596678175400802,buyside,na,bull,range,short,4,win,-0.13157894736844625
2019-03-05 11:44:00+00:00,2019,1,off,0,normal,premium,0.018127684330137422,0.0003094957154186897,7.735597284805353e-05,buyside,na,bull,range,short,4,win,0.19138755980861577
2019-03-07 03:15:00+00:00,2019,1,asia,0,normal,discount,0.01672375258925845,1.9502681618722576e-05,-0.0004483518197235814,buyside,na,bear,range,short,4,win,0.2857142857142857
2019-03-08 17:04:00+00:00,2019,1,off,0,high,premium,0.04131183233605974,-0.0010842565942514686,-0.000571992110453649,sellside,na,range,range,flat,0,flat,0.0
2019-03-12 09:42:00+00:00,2019,1,off,0,normal,premium,0.019606546985025997,7.787100667743882e-05,0.0010522828692246234,sellside,na,range,bull,long,4,timeout,-0.5925925925925926
2019-03-14 02:16:00+00:00,2019,1,asia,0,normal,premium,0.020926458437723512,0.00048637186046964067,0.0006615815691158157,buyside,na,range,bull,short,4,timeout,0.1775147928994121
2019-03-15 16:08:00+00:00,2019,1,off,0,high,premium,0.04007116780151431,0.0017402401531411336,0.007604636688968414,none,na,range,bull,flat,0,flat,0.0
2019-03-19 09:40:00+00:00,2019,1,off,0,normal,premium,0.015756507759005736,0.0005576065220735272,0.0007885221940149242,none,na,bull,range,flat,0,flat,0.0
2019-03-21 01:11:00+00:00,2019,1,asia,0,normal,discount,0.012201165215796396,-0.00019393375223023814,0.0013012993571192729,none,na,range,range,flat,0,flat,0.0
2019-03-22 14:59:00+00:00,2019,1,ny_am,1,high,discount,0.07219228597746581,-0.002990465464007612,-0.000817359151503357,none,na,bear,range,flat,0,flat,0.0
2019-03-26 08:32:00+00:00,2019,1,london,1,normal,discount,0.026345956884339817,0.0005664283761084417,0.00025383684148865546,none,na,bull,range,flat,0,flat,0.0
2019-03-28 00:02:00+00:00,2019,1,asia,0,low,premium,0.020249580635491565,-0.0003418302568610216,-0.00059561006092798,none,na,bear,bear,short,6,win,0.01742160278745821
2019-03-29 13:53:00+00:00,2019,1,ny_am,1,high,premium,0.05153904565802954,-0.0009289543457645488,-0.0018175841599474061,sellside,na,bear,range,flat,0,flat,0.0
2019-04-02 07:26:00+00:00,2019,2,london,1,normal,discount,0.018701215795475255,3.814901003318964e-05,-0.00017163453286801305,none,na,range,range,flat,0,flat,0.0
2019-04-03 23:04:00+00:00,2019,2,off,0,low,premium,0.010066990066338422,-0.0003616843067082921,-0.001255253998744746,none,na,bear,range,flat,0,flat,0.0
2019-04-05 12:54:00+00:00,2019,2,ny_am,1,high,premium,0.0332484722683236,-0.00045316364872264496,0.00280361438936142,none,na,bull,range,flat,0,flat,0.0
2019-04-09 06:41:00+00:00,2019,2,london,1,normal,discount,0.011365884634538604,9.514566801773515e-05,-0.0003994141925176408,none,na,range,range,flat,0,flat,0.0
2019-04-10 22:25:00+00:00,2019,2,off,0,normal,premium,0.00994254130730469,0.0002866205526044254,0.0011474688749067681,buyside,na,bull,bear,short,4,loss,-1.4347826086957898
2019-04-12 12:20:00+00:00,2019,2,ny_am,1,normal,premium,0.02359820992197874,0.0010058452896075305,0.0017853412090938444,buyside,na,range,bear,short,5,timeout,0.28846153846156536
2019-04-16 06:09:00+00:00,2019,2,london,1,normal,premium,0.01457146733554013,0.00011348805538217103,0.00060556743561115,buyside,na,bull,bull,flat,0,flat,0.0
2019-04-17 19:59:00+00:00,2019,2,ny_pm,0,high,equilibrium,0.029544053841931803,-0.0008310196989442273,0.0002268817001002061,none,na,range,range,flat,0,flat,0.0
2019-04-22 13:39:00+00:00,2019,2,ny_am,1,high,discount,0.040348669508838954,0.0011426952497875153,0.0006890822934169042,none,na,range,range,flat,0,flat,0.0
2019-04-24 05:17:00+00:00,2019,2,off,0,low,discount,0.009557124525627814,0.00037556569582934294,0.00039435138586344176,none,na,bear,bull,flat,0,flat,0.0
2019-04-25 19:10:00+00:00,2019,2,ny_pm,0,normal,premium,0.018015453776343112,-0.0007543611504007544,-0.0011311150909605052,none,na,bear,range,flat,0,flat,0.0
2019-04-29 12:54:00+00:00,2019,2,ny_am,1,normal,premium,0.013722582933424814,0.0,0.0008486722993361497,none,na,bull,range,flat,0,flat,0.0
2019-05-01 04:40:00+00:00,2019,2,off,0,low,premium,0.005038774136908994,9.366277653934773e-05,5.6195560550716494e-05,none,na,range,range,flat,0,flat,0.0
2019-05-02 18:49:00+00:00,2019,2,ny_pm,0,high,discount,0.044550879633606245,-0.0014833973603134152,-0.0007612667478684531,buyside,na,bear,bear,short,3,timeout,-0.28449502133712956
2019-05-06 12:26:00+00:00,2019,2,ny_am,1,normal,premium,0.025282543373561436,0.0008542906507966981,0.0008927200122868991,none,na,range,range,flat,0,flat,0.0
2019-05-08 03:59:00+00:00,2019,2,asia,0,low,premium,0.014455767736232432,0.0003843788437884379,-0.000576014745977497,none,na,range,bear,flat,0,flat,0.0
2019-05-09 17:45:00+00:00,2019,2,ny_pm,0,high,premium,0.049576104017785304,0.0016490445242021534,0.001785090612751756,none,na,bear,range,flat,0,flat,0.0
2019-05-13 11:15:00+00:00,2019,2,ny_am,1,normal,discount,0.025665359549607032,-0.0007208822039512138,-0.0017322589435166803,none,na,range,range,flat,0,flat,0.0
2019-05-15 02:52:00+00:00,2019,2,asia,0,normal,premium,0.02711426819609037,0.0007422454879287444,-0.0005462135695056767,none,na,range,bear,flat,0,flat,0.0
2019-05-16 16:38:00+00:00,2019,2,off,0,normal,premium,0.03022806050499352,-0.0004817791139118537,0.00013498139185098054,none,na,range,bull,flat,0,flat,0.0
2019-05-20 10:12:00+00:00,2019,2,off,0,normal,discount,0.03552339625011088,-0.0028322566878115968,-0.0014569330587823925,none,na,range,range,flat,0,flat,0.0
2019-05-22 01:47:00+00:00,2019,2,asia,0,normal,premium,0.021622922949636872,0.00011596667890759389,0.0007542644954163926,none,na,bull,bear,flat,0,flat,0.0
2019-05-23 15:41:00+00:00,2019,2,off,0,high,discount,0.05396604639875464,-0.0016700394915220935,-0.0017288801571709233,none,na,bear,range,flat,0,flat,0.0
2019-05-27 09:11:00+00:00,2019,2,off,0,low,equilibrium,0.01543680387405991,-0.0001364522417153996,-0.0002728672500828347,sellside,na,bull,range,long,4,loss,-1.1369863013698767
2019-05-29 03:59:00+00:00,2019,2,asia,0,low,discount,0.011138519345423618,-0.00011858879335902757,0.0005537865152983525,none,na,range,range,flat,0,flat,0.0
2019-05-30 17:47:00+00:00,2019,2,ny_pm,0,normal,discount,0.03162609918505626,-0.00023863500775563775,-0.0021040095275903135,sellside,na,bull,range,long,4,win,0.05494505494506373
2019-06-03 11:22:00+00:00,2019,2,ny_am,1,normal,premium,0.02676516647634643,0.0009703634819876279,0.0011727596247169201,none,na,bear,range,flat,0,flat,0.0
2019-06-05 02:52:00+00:00,2019,2,asia,0,low,premium,0.013798944858161785,-0.00031496683005570973,0.00021665484912944142,none,na,bull,range,flat,0,flat,0.0
2019-06-06 16:37:00+00:00,2019,2,off,0,high,premium,0.02996742810609899,-0.00015617374328940947,-0.0009752862465133516,buyside,na,bull,range,flat,0,flat,0.0
2019-06-10 10:09:00+00:00,2019,2,off,0,normal,premium,0.015038909455738816,0.0006708965094213038,0.0010930638387634955,none,na,bull,range,flat,0,flat,0.0
2019-06-12 01:39:00+00:00,2019,2,asia,0,normal,discount,0.02193106461857465,-0.0010363887609396592,-0.0014196915048729952,sellside,na,bear,range,long,4,win,1.0
2019-06-13 15:29:00+00:00,2019,2,off,0,high,premium,0.03458893032269513,0.0007394318858393993,-0.0006425132818044074,none,na,range,bear,flat,0,flat,0.0
2019-06-17 09:06:00+00:00,2019,2,off,0,normal,discount,0.014959394642490617,0.0005931652060770733,0.0005165882217885433,none,na,bull,bull,long,6,timeout,-0.6666666666666666
2019-06-19 00:49:00+00:00,2019,2,asia,0,normal,premium,0.01424852959538057,-0.0007165890361877463,-0.00020753933813818346,none,na,bear,bull,flat,0,flat,0.0
2019-06-20 14:41:00+00:00,2019,2,ny_am,1,high,premium,0.03761664685725942,-0.0006830728922990549,-0.0019904681805438746,sellside,na,range,range,flat,0,flat,0.0
2019-06-24 08:16:00+00:00,2019,2,london,1,normal,premium,0.01755784974134512,-0.000112218751753418,-0.0014941820287256494,none,na,bear,bull,flat,0,flat,0.0
2019-06-25 23:53:00+00:00,2019,2,off,0,normal,discount,0.01793021839295393,-0.0006218788278526335,-0.0017130056660956648,none,na,range,range,flat,0,flat,0.0
2019-06-27 13:42:00+00:00,2019,2,ny_am,1,normal,discount,0.040034493374431976,-0.0016752310501251717,-0.00011311364150516553,none,na,range,range,flat,0,flat,0.0
2019-07-01 07:18:00+00:00,2019,3,london,1,normal,premium,0.02102318835382546,-0.0008926412883789262,-0.00033492733937443014,none,na,bull,range,flat,0,flat,0.0
2019-07-02 22:54:00+00:00,2019,3,off,0,normal,premium,0.00792959255199142,3.7335722819593785e-05,-0.0005783474188914386,none,na,range,range,flat,0,flat,0.0
2019-07-04 15:58:00+00:00,2019,3,off,0,low,premium,0.006078696967504619,-5.556996258289186e-05,-0.00018520919378437945,none,na,bull,range,flat,0,flat,0.0
2019-07-08 13:05:00+00:00,2019,3,ny_am,1,normal,discount,0.013133592170961854,-0.0005595240315571554,-0.0009321923299215094,none,na,range,bull,flat,0,flat,0.0
2019-07-10 04:56:00+00:00,2019,3,off,0,low,discount,0.008059445954532908,-0.0005227684322548123,-0.00048544595679530985,sellside,na,bull,range,long,4,loss,-1.2857142857142858
2019-07-11 18:49:00+00:00,2019,3,ny_pm,0,normal,premium,0.024206982859791133,9.252748066175655e-05,0.0004628086933984968,buyside,na,bull,bull,flat,0,flat,0.0
2019-07-15 12:44:00+00:00,2019,3,ny_am,1,normal,equilibrium,0.011391791809008869,-0.00014615609470914936,-0.00021921812203142126,none,na,range,range,flat,0,flat,0.0
2019-07-17 05:01:00+00:00,2019,3,off,0,low,premium,0.004269204411984113,7.312747947860108e-05,0.00018283875450240432,none,na,bear,range,flat,0,flat,0.0
2019-07-18 18:59:00+00:00,2019,3,ny_pm,0,high,premium,0.027905836554478536,0.0006794975391170205,0.0042019129761707305,none,na,range,bear,flat,0,flat,0.0
2019-07-22 12:35:00+00:00,2019,3,ny_am,1,normal,premium,0.027424671822038466,-0.00038585917977362926,0.00036776198444366805,none,na,range,range,flat,0,flat,0.0
2019-07-24 04:22:00+00:00,2019,3,off,0,low,premium,0.005134952890852915,-7.31288164101064e-05,-0.00018280198888563908,buyside,na,range,bull,short,4,win,0.09090909090909091
2019-07-25 18:28:00+00:00,2019,3,ny_pm,0,high,discount,0.030443160197486593,-0.0005524963627322787,0.0014763143811474654,none,na,range,range,flat,0,flat,0.0
2019-07-29 12:26:00+00:00,2019,3,ny_am,1,normal,premium,0.01042760328443604,-0.00020228396991485683,9.197432076964111e-05,buyside,na,bear,range,short,5,loss,-1.2222222222222223
2019-07-31 04:12:00+00:00,2019,3,off,0,low,premium,0.007263041130630233,0.0,0.0006789987521104015,none,na,bull,bear,flat,0,flat,0.0
2019-08-01 17:58:00+00:00,2019,3,ny_pm,0,high,discount,0.14060909984356385,-0.0014196585347629545,-0.014671729273417628,none,na,bull,range,flat,0,flat,0.0
2019-08-05 11:28:00+00:00,2019,3,ny_am,1,normal,discount,0.040204515294962696,-0.001023835267775981,-0.00235073771118416,sellside,na,bear,bear,flat,0,flat,0.0
2019-08-07 02:59:00+00:00,2019,3,asia,0,low,discount,0.03158159361948193,0.0009396038165350899,-0.0017003516636395254,buyside,na,range,range,short,4,win,1.6891891891891337
2019-08-08 16:44:00+00:00,2019,3,off,0,normal,premium,0.03424947420966482,0.0005322283259518334,0.0015983863908815862,none,na,bull,range,flat,0,flat,0.0
2019-08-12 10:14:00+00:00,2019,3,off,0,normal,discount,0.038313144073294565,3.823360734085261e-05,-0.00030576364470264486,none,na,bull,range,flat,0,flat,0.0
2019-08-14 01:44:00+00:00,2019,3,asia,0,normal,discount,0.027588182313211456,-0.0011779458144925334,-0.0010640723569202706,none,na,bull,range,flat,0,flat,0.0
2019-08-15 15:29:00+00:00,2019,3,off,0,normal,premium,0.08268997540060098,0.0021997014690863384,0.0012428219868433636,none,na,range,range,flat,0,flat,0.0
2019-08-19 09:00:00+00:00,2019,3,off,0,normal,premium,0.021830712204301404,0.00015330369461904033,-0.0010526920205944838,none,na,bull,range,flat,0,flat,0.0
2019-08-21 00:32:00+00:00,2019,3,asia,0,normal,discount,0.018932711350048616,0.0003852673755586377,0.001900315433069347,buyside,na,bear,range,short,4,timeout,-0.005470459518599475
2019-08-22 14:19:00+00:00,2019,3,ny_am,1,high,premium,0.046835772991314334,-0.001225094493722578,0.0003709692761343099,buyside,na,bear,range,flat,0,flat,0.0
2019-08-26 07:51:00+00:00,2019,3,london,1,high,premium,0.08131102720334119,-0.000697823179359941,0.009635533969174125,sellside,na,range,range,flat,0,flat,0.0
2019-08-27 23:22:00+00:00,2019,3,off,0,low,equilibrium,0.011970759763384322,0.00023241400681747753,0.0012019696793455082,none,na,bear,bull,flat,0,flat,0.0
2019-08-29 13:08:00+00:00,2019,3,ny_am,1,low,premium,0.02069910268351193,-0.0008557410717681512,-0.0013305202334112638,none,na,bull,range,flat,0,flat,0.0
2019-09-02 06:39:00+00:00,2019,3,london,1,normal,discount,0.017997102366275886,-0.00028532298561972154,-0.0011972633979475485,none,na,range,range,flat,0,flat,0.0
2019-09-04 01:23:00+00:00,2019,3,asia,0,normal,premium,0.023914721422213858,0.0003822849169486018,0.0028358466343482345,none,na,range,bear,flat,0,flat,0.0
2019-09-05 15:12:00+00:00,2019,3,off,0,high,premium,0.043357225333430685,0.0007840648160247914,0.0006420953212903401,buyside,na,range,range,flat,0,flat,0.0
2019-09-09 08:44:00+00:00,2019,3,london,1,low,premium,0.012658198783794395,1.8634813558690344e-05,-0.0006517812249762565,none,na,bull,bull,flat,0,flat,0.0
2019-09-11 00:17:00+00:00,2019,3,asia,0,normal,premium,0.017312010334017077,-0.0003535278356653766,-0.00020470448116718774,none,na,bull,bear,flat,0,flat,0.0
2019-09-12 14:03:00+00:00,2019,3,ny_am,1,high,equilibrium,0.05067057720065612,0.0010140117994100295,-0.0017833504927195175,buyside,na,range,range,flat,0,flat,0.0
2019-09-16 07:38:00+00:00,2019,3,london,1,normal,discount,0.025580072129069962,1.8451205786298134e-05,0.00014762871378483114,sellside,na,bear,range,long,5,win,0.24316109422491325
2019-09-17 23:12:00+00:00,2019,3,off,0,low,premium,0.012583805694255606,-0.0008668643855222581,-0.0004981696876660565,none,na,bear,bear,short,6,loss,-1.1470588235294275
2019-09-19 12:58:00+00:00,2019,3,ny_am,1,normal,premium,0.022986471734760944,0.001676399609454157,0.003154806929505747,none,na,range,bull,flat,0,flat,0.0
2019-09-23 06:31:00+00:00,2019,3,london,1,normal,equilibrium,0.013820071678654325,0.00048132104113443667,0.0005554115599659347,buyside,na,range,bear,short,5,win,0.017793594306050743
2019-09-24 22:02:00+00:00,2019,3,off,0,high,discount,0.05195746576670898,0.0009132079691372981,0.001454464085925263,buyside,na,range,bear,flat,0,flat,0.0
2019-09-26 11:50:00+00:00,2019,3,ny_am,1,low,premium,0.01467303598287675,0.00011092008208086075,0.0006288726532877092,none,na,bull,range,flat,0,flat,0.0
2019-09-30 05:22:00+00:00,2019,3,off,0,low,premium,0.011387716414170235,0.00011148686313129437,9.290399301361973e-05,none,na,bear,bear,short,6,win,1.5263157894736843
2019-10-01 19:09:00+00:00,2019,4,ny_pm,0,high,discount,0.037581001632367786,0.00041295166588456125,0.0029544599171998495,none,na,range,bull,flat,0,flat,0.0
2019-10-03 10:41:00+00:00,2019,4,off,0,normal,equilibrium,0.028270732670606466,-0.0013213328226733053,-0.0007089752433509619,none,na,range,range,flat,0,flat,0.0
2019-10-07 04:11:00+00:00,2019,4,off,0,low,discount,0.009659701140507413,7.559007502314946e-05,0.00032133676092544985,sellside,na,bull,bull,long,8,win,0.5113636363636787
2019-10-08 17:57:00+00:00,2019,4,ny_pm,0,normal,discount,0.03716021060773709,-0.0009108332226417958,0.0010266745251630322,none,na,range,range,flat,0,flat,0.0
2019-10-10 09:27:00+00:00,2019,4,off,0,normal,premium,0.03240436588983472,-0.0007027807324114876,-0.0011960359949880397,none,na,bear,bear,short,6,win,0.3603603603603682
2019-10-14 02:57:00+00:00,2019,4,asia,0,normal,equilibrium,0.018815485773694282,0.0002976578051457593,0.0008003573688716822,sellside,na,range,range,long,4,timeout,-0.06382978723404255
2019-10-15 16:46:00+00:00,2019,4,off,0,normal,premium,0.023205312629952755,0.00020347008989678517,-0.00011094879713012445,buyside,na,bull,range,short,4,timeout,-0.21645021645021303
2019-10-17 08:21:00+00:00,2019,4,london,1,normal,premium,0.019130008110090087,0.0002965599051008304,0.0011501502615664304,sellside,na,range,bear,long,5,win,0.1449275362318535
2019-10-21 01:54:00+00:00,2019,4,asia,0,normal,discount,0.01645574495976127,-0.00013038538193603665,0.00013041939150038194,none,na,range,range,flat,0,flat,0.0
2019-10-22 16:13:00+00:00,2019,4,off,0,normal,premium,0.02472824221915037,0.0012661763336747043,0.0005209786956926226,none,na,range,bull,flat,0,flat,0.0
2019-10-24 07:46:00+00:00,2019,4,london,1,normal,premium,0.024192308114886624,-0.00016746678575415875,0.00026061542471006536,none,na,bear,bear,short,7,win,0.2884615384615317
2019-10-28 01:20:00+00:00,2019,4,asia,0,low,premium,0.010224199921068967,0.00011115227862171174,-0.00025925925925925926,sellside,na,bull,bull,long,7,timeout,0.40160642570278776
2019-10-29 15:15:00+00:00,2019,4,off,0,high,premium,0.033742520423752184,-0.00043298019345923536,0.0015969722145296778,none,na,bear,range,flat,0,flat,0.0
2019-10-31 06:51:00+00:00,2019,4,london,1,normal,discount,0.007879626082884474,7.354969201066471e-05,-7.353887448752597e-05,none,na,range,range,flat,0,flat,0.0
2019-11-04 00:34:00+00:00,2019,4,off,0,high,premium,0.011500919139091901,-0.00012789826606493578,0.0018123569794050343,none,na,range,range,flat,0,flat,0.0
2019-11-05 14:45:00+00:00,2019,4,ny_am,1,high,discount,0.029263989649568844,-0.0006907709367217466,-0.0018157717938009552,buyside,na,bull,range,flat,0,flat,0.0
2019-11-07 06:24:00+00:00,2019,4,off,0,normal,equilibrium,0.00907010844424483,-5.4608999563128004e-05,0.0008563203731370477,none,na,range,bear,flat,0,flat,0.0
2019-11-08 20:12:00+00:00,2019,4,ny_pm,0,normal,premium,0.013705295858973638,0.00065164268259571,0.0006154180317483303,none,na,bear,range,flat,0,flat,0.0
2019-11-12 12:55:00+00:00,2019,4,ny_am,1,low,equilibrium,0.008530162199280104,-0.0002705237339489251,0.00025262094227611467,sellside,na,bull,range,long,5,loss,-1.0729927007299231
2019-11-14 05:33:00+00:00,2019,4,off,0,normal,premium,0.011937759709550327,0.00021595162683558884,0.000630119722747322,none,na,bull,bull,flat,0,flat,0.0
2019-11-15 19:21:00+00:00,2019,4,ny_pm,0,normal,premium,0.014633842219039704,0.0006802842872231869,0.0011104146144891196,none,na,bull,bull,flat,0,flat,0.0
2019-11-19 12:05:00+00:00,2019,4,ny_am,1,normal,equilibrium,0.013300664365648154,-0.00023141967067200712,0.00017808804673030346,none,na,range,bull,flat,0,flat,0.0
2019-11-21 03:36:00+00:00,2019,4,asia,0,normal,premium,0.016743331630677403,0.00075677039225932,-0.00019801267281105992,none,na,range,range,flat,0,flat,0.0
2019-11-22 17:24:00+00:00,2019,4,off,0,normal,premium,0.019007593114285463,0.00014366268002729592,0.0017807356776688551,none,na,range,range,flat,0,flat,0.0
2019-11-26 09:59:00+00:00,2019,4,london,1,normal,premium,0.010868012765043816,0.00023178276605987128,-0.00040981415818826505,none,na,bear,bull,flat,0,flat,0.0
2019-11-28 01:45:00+00:00,2019,4,asia,0,normal,discount,0.01831330396683836,0.0007654650645304851,0.0004983093077059975,none,na,bear,bull,flat,0,flat,0.0
2019-12-02 00:43:00+00:00,2019,4,off,0,high,premium,0.013913147506722234,-0.00017756312369047198,0.0036897738008235146,sellside,na,range,bear,flat,0,flat,0.0
2019-12-03 14:41:00+00:00,2019,4,ny_am,1,high,discount,0.06650862663563388,-0.0016097933643771827,-0.0036938882939137065,sellside,na,bear,range,flat,0,flat,0.0
2019-12-05 06:13:00+00:00,2019,4,off,0,low,equilibrium,0.0099714142654335,0.0002532698952548076,-0.00018082855644563388,none,na,bear,range,flat,0,flat,0.0
2019-12-06 20:03:00+00:00,2019,4,ny_pm,0,normal,premium,0.011629978813275488,-0.00024982601402594623,-0.00010708357873320126,sellside,na,bull,range,long,4,loss,-1.0751879699248161
2019-12-10 12:49:00+00:00,2019,4,ny_am,1,normal,discount,0.016262969041876876,-0.00012594458438287153,-7.19722187235727e-05,sellside,na,range,range,long,5,win,0.7558139534883401
2019-12-12 04:28:00+00:00,2019,4,asia,0,low,premium,0.004225888615295618,0.0,-1.7896130856508822e-05,none,na,range,bull,flat,0,flat,0.0
2019-12-13 18:24:00+00:00,2019,4,ny_pm,0,normal,discount,0.017838297402381683,-0.00019545478775386912,0.00017775249742258878,sellside,na,range,range,long,4,timeout,0.273972602739726
2019-12-17 11:09:00+00:00,2019,4,off,0,normal,discount,0.014898892590677773,-0.0004256149248966997,-0.0012403650217063878,none,na,range,range,flat,0,flat,0.0
2019-12-19 03:03:00+00:00,2019,4,asia,0,low,discount,0.007227563961780087,7.082278368951292e-05,-0.00010621536936394697,none,na,bear,range,flat,0,flat,0.0
2019-12-20 17:38:00+00:00,2019,4,off,0,normal,premium,0.010802629431194678,0.0003510188321603454,0.00013160319006132708,none,na,range,range,flat,0,flat,0.0
2019-12-24 13:41:00+00:00,2019,4,ny_am,1,normal,premium,0.006409506807117505,-0.0002798719585789501,-0.0001749383342371814,none,na,bull,range,flat,0,flat,0.0
2019-12-27 11:53:00+00:00,2019,4,off,0,normal,premium,0.008249271215492073,-3.550853266560245e-05,6.998007830812672e-05,none,na,bull,bull,flat,0,flat,0.0
2019-12-31 05:23:00+00:00,2019,4,off,0,low,premium,0.003994151493849391,7.404974177348016e-05,-6.702135349447423e-05,buyside,na,range,bear,short,4,win,-0.15951972555756308
2020-01-02 20:13:00+00:00,2020,1,ny_pm,0,normal,premium,0.014690747486805942,0.0003493409101494926,0.0019496903299885701,buyside,na,range,range,short,4,loss,-1.3236245954692405
2020-01-06 12:46:00+00:00,2020,1,ny_am,1,normal,premium,0.017924970841289578,0.00069752314341078,0.002038075955062484,buyside,na,bear,range,short,5,win,-0.0340285400658104
2020-01-08 04:18:00+00:00,2020,1,asia,0,high,premium,0.02443902265769392,-0.00012388254948867826,-0.0018620344869866624,sellside,na,bear,range,flat,0,flat,0.0
2020-01-09 18:06:00+00:00,2020,1,ny_pm,0,normal,premium,0.023791868306449398,0.00038522106640531407,-0.0017563534100516365,buyside,na,bull,range,short,4,timeout,-0.2114942528735749
2020-01-13 10:56:00+00:00,2020,1,off,0,normal,premium,0.01027717101136773,-6.946995804492872e-05,3.0072079664014724e-05,none,na,range,range,flat,0,flat,0.0
2020-01-15 02:30:00+00:00,2020,1,asia,0,normal,discount,0.017668147572779302,-0.0005542203603677932,-0.0013143216465180134,none,na,range,range,flat,0,flat,0.0
2020-01-16 16:30:00+00:00,2020,1,off,0,normal,premium,0.02410316554665978,0.00030940042788396273,-0.00017089333721473317,buyside,na,bull,bull,flat,0,flat,0.0
2020-01-20 09:41:00+00:00,2020,1,london,1,normal,discount,0.007899194931979202,8.810605783793015e-05,0.0001530002913152719,none,na,range,bull,flat,0,flat,0.0
2020-01-22 04:38:00+00:00,2020,1,asia,0,low,premium,0.00652799020601201,0.00023805861494234588,0.00013572727139429084,none,na,range,bear,flat,0,flat,0.0
2020-01-23 18:27:00+00:00,2020,1,ny_pm,0,normal,premium,0.030244072193389124,0.0014462978458008589,0.0013735734247442785,none,na,range,range,flat,0,flat,0.0
2020-01-27 11:07:00+00:00,2020,1,off,0,high,discount,0.0449769828201396,-0.0003386588548422556,-0.0037474826950571393,none,na,bear,range,flat,0,flat,0.0
2020-01-29 02:37:00+00:00,2020,1,asia,0,normal,premium,0.017231832057347976,-0.000489335706836826,0.0006037458629175076,sellside,na,bull,range,long,4,win,0.03107019562712364
2020-01-30 16:22:00+00:00,2020,1,off,0,high,premium,0.057550410668798374,0.0016668476300221759,-0.0019546668062607408,buyside,na,range,range,flat,0,flat,0.0
2020-02-03 08:52:00+00:00,2020,1,london,1,normal,premium,0.04210940876735299,0.0016101310219870694,-0.0011301636925855347,sellside,na,bear,range,long,5,loss,-1.0495540138751231
2020-02-05 00:23:00+00:00,2020,1,off,0,normal,premium,0.027489741004376816,5.312874483857146e-05,-0.0016808796730725987,none,na,range,range,flat,0,flat,0.0
2020-02-06 14:08:00+00:00,2020,1,ny_am,1,normal,discount,0.02932658405553204,0.00010105643099993345,0.0001184116103265541,buyside,na,bull,bull,long,7,win,1.0880913539964696
2020-02-10 06:38:00+00:00,2020,1,off,0,normal,discount,0.017493191598578296,-0.0002909753996961476,-0.00013640507014557422,buyside,na,range,range,short,4,loss,-1.0498007968127536
2020-02-11 20:23:00+00:00,2020,1,ny_pm,0,high,discount,0.040651960449177744,-0.00040681674444050577,-0.0006456245691422577,buyside,na,range,range,flat,0,flat,0.0
2020-02-13 11:53:00+00:00,2020,1,off,0,normal,discount,0.027150472855291267,0.0005848154625889564,-4.6006013497216385e-05,buyside,na,bull,range,short,4,win,0.3554633471645732
2020-02-17 04:23:00+00:00,2020,1,asia,0,low,premium,0.008427008878582852,-0.0003021710138550997,-0.0004725285095596011,none,na,bear,bear,short,6,loss,-1.0524109014675005
2020-02-18 23:12:00+00:00,2020,1,off,0,high,premium,0.02173594284721271,0.0005294546787820888,0.0005681254596138587,sellside,na,bear,bear,short,3,loss,-1.0510464522715668
2020-02-20 12:57:00+00:00,2020,1,ny_am,1,normal,discount,0.01763860826449222,0.00046153599315058733,0.0007334680301158819,buyside,na,range,bull,short,5,loss,-1.1390820584144195
2020-02-24 05:27:00+00:00,2020,1,off,0,normal,discount,0.023718327097090253,0.0004215282339960692,-0.00010558875696511469,none,na,bear,bear,flat,0,flat,0.0
2020-02-25 19:12:00+00:00,2020,1,ny_pm,0,high,discount,0.14603551932847414,-0.005580291387161047,-0.012517756230260925,none,na,bear,bear,flat,0,flat,0.0
2020-02-27 10:42:00+00:00,2020,1,off,0,low,discount,0.06022564509965612,0.0019080764891093575,-0.0007083447412023122,buyside,na,range,bear,short,4,win,1.4622443127510036
2020-03-02 03:12:00+00:00,2020,1,asia,0,normal,premium,0.09753795399920369,-0.00021176236596671824,0.006506669011836679,none,na,bull,range,flat,0,flat,0.0
2020-03-03 16:57:00+00:00,2020,1,off,0,high,discount,0.2313723653453753,0.005107003244525122,-0.008918059013328757,buyside,na,bull,range,flat,0,flat,0.0
2020-03-05 08:27:00+00:00,2020,1,london,1,normal,discount,0.06050381808268856,-0.0018274713024930187,-0.002876726605630644,none,na,range,range,flat,0,flat,0.0
2020-03-09 00:57:00+00:00,2020,1,asia,0,high,discount,0.09035323356623913,0.0006868694863178118,-0.039922857675277694,buyside,na,range,range,flat,0,flat,0.0
2020-03-11 00:04:00+00:00,2020,1,asia,0,low,premium,0.11839322829176907,0.004085337989678573,-0.004179807528598986,none,na,range,bull,flat,0,flat,0.0
2020-03-12 16:48:00+00:00,2020,1,off,0,high,discount,0.2548941648086624,-0.004852039803868768,-0.005118981866547039,sellside,na,bear,range,flat,0,flat,0.0
2020-03-17 04:32:00+00:00,2020,1,off,0,low,premium,0.07469955506405013,0.00016487038487283723,-9.56756953894468e-05,none,na,bear,range,flat,0,flat,0.0
2020-03-19 06:16:00+00:00,2020,1,london,1,normal,discount,0.33888777440191314,0.004438793547099496,0.011480403123926368,buyside,na,bull,bear,short,5,loss,-1.0073335288941039
2020-03-20 20:01:00+00:00,2020,1,off,0,high,discount,0.45482873581891226,-0.012191004585715964,-0.013971751334061961,none,na,range,bull,flat,0,flat,0.0
2020-03-24 15:42:00+00:00,2020,1,off,0,normal,premium,0.20337158385571397,0.005021985547430752,0.0038676864080657023,none,na,bull,range,flat,0,flat,0.0
2020-03-26 07:12:00+00:00,2020,1,london,1,normal,discount,0.13189828539822368,0.0001690749498745728,-0.002549711758253166,none,na,bear,range,flat,0,flat,0.0
2020-03-30 00:42:00+00:00,2020,1,asia,0,high,discount,0.1332363646649613,-0.0019586365531364127,-0.014388532424217473,sellside,na,bear,range,flat,0,flat,0.0
2020-03-31 14:27:00+00:00,2020,1,ny_am,1,high,premium,0.1687190348687213,0.0011638954869359192,0.004948949478518205,none,na,range,bear,flat,0,flat,0.0
2020-04-02 06:57:00+00:00,2020,2,london,1,low,premium,0.05056411649448626,0.001579243048240949,0.00470805114599643,none,na,range,range,flat,0,flat,0.0
2020-04-06 00:27:00+00:00,2020,2,asia,0,high,premium,0.1347003229830729,0.006074925798686633,0.030174198251077835,buyside,na,range,range,flat,0,flat,0.0
2020-04-07 14:12:00+00:00,2020,2,ny_am,1,high,premium,0.21343202691532637,-0.011313964864519953,-0.008847149888978915,none,na,bull,range,flat,0,flat,0.0
2020-04-09 05:42:00+00:00,2020,2,off,0,normal,premium,0.06972612828404379,0.0010050169730031792,-0.00016972274212247943,buyside,na,bull,range,short,4,win,0.13994439295639385
2020-04-13 23:12:00+00:00,2020,2,off,0,low,premium,0.03140627667866891,-0.00030286131631520637,0.0016195029063684394,none,na,range,bear,flat,0,flat,0.0
2020-04-15 12:57:00+00:00,2020,2,ny_am,1,normal,discount,0.10617947807867363,-0.0038911715505404705,-0.010199310143747423,none,na,bear,range,flat,0,flat,0.0
2020-04-17 04:27:00+00:00,2020,2,off,0,low,premium,0.03877528972124979,7.963375042545885e-05,0.00026604272531209985,sellside,na,range,range,long,4,loss,-1.0513610683102177
2020-04-20 20:12:00+00:00,2020,2,off,0,high,discount,0.11830938657536358,-0.0030443488719949434,-0.0024758152850016518,none,na,bear,range,flat,0,flat,0.0
2020-04-22 11:42:00+00:00,2020,2,ny_am,1,low,premium,0.05425581622570158,-0.0009222310441843038,0.0006654912089856334,none,na,bull,range,flat,0,flat,0.0
2020-04-24 03:12:00+00:00,2020,2,asia,0,low,discount,0.03890446151983244,-0.0003869854730619529,0.001242601951888389,buyside,na,range,bull,short,4,win,0.0607866507745189
2020-04-27 18:57:00+00:00,2020,2,ny_pm,0,normal,premium,0.04330200503081777,0.0004392957508912185,0.0037634690277851394,sellside,na,range,range,long,4,win,-1.415747774238351
2020-04-29 10:27:00+00:00,2020,2,off,0,normal,discount,0.03850718302997496,-0.0006367477491707291,-0.002914238647458317,sellside,na,bull,bull,long,8,loss,-1.0405515004055153
2020-05-01 01:57:00+00:00,2020,2,asia,0,normal,discount,0.051589678821842205,-0.0004119688130491465,-0.002087010634486085,none,na,bear,range,flat,0,flat,0.0
2020-05-04 17:42:00+00:00,2020,2,ny_pm,0,normal,premium,0.04118945464406689,0.0008105351702059726,0.0002143130501339828,buyside,na,bear,range,short,4,loss,-1.0254712175241987
2020-05-06 09:12:00+00:00,2020,2,off,0,normal,premium,0.04940972235147553,0.00020971138470683362,-0.0001297772697607307,buyside,na,range,bull,short,4,loss,-1.0504286434694863
2020-05-08 00:42:00+00:00,2020,2,asia,0,high,premium,0.0563652487941537,0.0022506234413965692,0.006265648472709124,none,na,range,bear,flat,0,flat,0.0
2020-05-11 16:27:00+00:00,2020,2,off,0,normal,discount,0.04041079819681597,0.0032068994043679203,0.004203376861801582,none,na,bear,bull,flat,0,flat,0.0
2020-05-13 07:57:00+00:00,2020,2,london,1,normal,discount,0.05596836905124254,0.001760747916349675,-0.0031140515055033094,none,na,bull,bear,flat,0,flat,0.0
2020-05-14 23:27:00+00:00,2020,2,off,0,low,premium,0.0344609676127611,0.0015689948986484885,0.000951230291710518,buyside,na,range,bear,short,4,loss,-1.0261848651479428
2020-05-18 15:12:00+00:00,2020,2,off,0,normal,premium,0.05616118750476879,0.0011244419175269634,0.005088436200448275,sellside,na,bull,range,long,4,win,-0.006005637945824009
2020-05-20 06:42:00+00:00,2020,2,london,1,normal,premium,0.04234107907608788,0.0002721435207642621,-0.0018652453554488654,none,na,range,bull,flat,0,flat,0.0
2020-05-21 22:12:00+00:00,2020,2,off,0,high,discount,0.050683209084973174,0.001042491870485685,-0.0016311457054857305,none,na,bull,bull,long,3,win,0.10850636302745206
2020-05-25 13:57:00+00:00,2020,2,ny_am,1,normal,premium,0.02659045173498625,0.0005285085262941973,0.0002817747524162555,none,na,bull,bear,flat,0,flat,0.0
2020-05-27 08:42:00+00:00,2020,2,london,1,normal,premium,0.0480364545379759,0.002112216655794066,0.0027687532529879094,none,na,bull,range,flat,0,flat,0.0
2020-05-29 00:12:00+00:00,2020,2,asia,0,normal,discount,0.04703852806182429,-0.00015918353033597714,-0.0035357626845092536,none,na,bear,range,flat,0,flat,0.0
2020-06-01 15:57:00+00:00,2020,2,off,0,normal,premium,0.041728977340688755,-5.89830612436135e-06,-0.0006931640818404928,buyside,na,bear,bear,short,8,timeout,-0.35926365795719833
2020-06-03 07:27:00+00:00,2020,2,london,1,normal,premium,0.0338522076042966,0.0012407135089211715,0.00012018399357873323,none,na,bull,range,flat,0,flat,0.0
2020-06-04 22:57:00+00:00,2020,2,off,0,normal,premium,0.02348063634267798,-0.0008308490806524851,0.001250964110349689,none,na,bear,range,flat,0,flat,0.0
2020-06-08 14:42:00+00:00,2020,2,ny_am,1,high,premium,0.07618395927746677,-0.00017201178024509584,-0.0013350134323846198,none,na,bear,bull,flat,0,flat,0.0
2020-06-10 06:12:00+00:00,2020,2,london,1,normal,discount,0.03593119461621263,-0.0009477287498254904,-0.00034467087760867447,none,na,bull,bull,long,7,win,0.36964569011113985
2020-06-11 19:57:00+00:00,2020,2,ny_pm,0,high,discount,0.1699435010207693,-0.004218504275093909,-0.004960365320782629,sellside,na,bear,range,flat,0,flat,0.0
2020-06-15 13:27:00+00:00,2020,2,ny_am,1,normal,discount,0.07365904531159123,0.00024089595659552036,0.0011839504305512186,buyside,na,range,bear,short,5,win,0.20388116914231583
2020-06-17 04:57:00+00:00,2020,2,off,0,low,equilibrium,0.04738373803593552,-0.0002992575671045339,0.003258078234379142,buyside,na,bear,bull,short,4,win,0.049222797927436314
2020-06-18 18:42:00+00:00,2020,2,ny_pm,0,normal,premium,0.06845389571851995,-0.0008347097982028768,-0.002751480741167642,buyside,na,range,bear,short,4,win,1.143446001648946
2020-06-22 12:12:00+00:00,2020,2,ny_am,1,normal,premium,0.040266630376051916,0.0012791736429796315,0.0033586904368161086,none,na,bull,range,flat,0,flat,0.0
2020-06-24 03:42:00+00:00,2020,2,asia,0,low,equilibrium,0.03558370745279172,-0.0013668458303368865,-0.0008235358438813557,sellside,na,bear,range,long,4,win,0.39840965176853227
2020-06-25 17:27:00+00:00,2020,2,ny_pm,0,normal,premium,0.057664806086154666,0.000588327411465422,-0.0004959490956280599,none,na,bull,bear,flat,0,flat,0.0
2020-06-29 10:57:00+00:00,2020,2,off,0,normal,premium,0.043157478443012244,0.0020348535315292643,-0.0002338316713685646,buyside,na,range,range,short,4,loss,-1.0773395204949712
2020-07-01 02:27:00+00:00,2020,3,asia,0,low,discount,0.025395302299226527,-0.00027096830796594665,0.0005042831040685391,none,na,bull,bull,long,6,loss,-1.0492853622474103
2020-07-02 16:12:00+00:00,2020,3,off,0,normal,equilibrium,0.05845109329147562,0.00015211023101118369,0.0041931663567706294,none,na,bull,bull,flat,0,flat,0.0
2020-07-06 12:58:00+00:00,2020,3,ny_am,1,normal,premium,0.03190295515086394,0.00036663506675946306,0.0008951688688455712,buyside,na,range,range,short,5,win,1.6062027625747504
2020-07-08 04:28:00+00:00,2020,3,off,0,low,discount,0.024903508510894245,-3.781011528625156e-05,-0.001732850595077672,sellside,na,bear,range,long,4,loss,-1.0475963826749204
2020-07-09 18:13:00+00:00,2020,3,ny_pm,0,normal,discount,0.04703894346260716,0.0015198006308165116,-0.0011646592895850798,none,na,range,bear,flat,0,flat,0.0
2020-07-13 11:48:00+00:00,2020,3,ny_am,1,normal,premium,0.026353042574005295,-0.0005370240657471526,0.003013517538931513,none,na,bull,range,flat,0,flat,0.0
2020-07-15 03:18:00+00:00,2020,3,asia,0,low,premium,0.02714023520994187,-0.000688987326279042,-0.000985197857780482,buyside,na,range,range,short,4,win,0.044088615924509605
2020-07-16 17:03:00+00:00,2020,3,ny_pm,0,normal,discount,0.04179446832934979,-0.0006350574938468716,-0.0011583636887955585,none,na,bull,range,flat,0,flat,0.0
2020-07-20 10:33:00+00:00,2020,3,off,0,normal,equilibrium,0.030377607218735062,-0.00011812478039711955,-0.0008683551098751967,sellside,na,bear,range,long,4,timeout,0.11973129610116379
2020-07-22 02:03:00+00:00,2020,3,asia,0,normal,premium,0.026973854482308622,-0.0001441394854145099,0.0004274617802705201,buyside,na,bear,bull,short,4,loss,-1.1406469760900746
2020-07-23 15:48:00+00:00,2020,3,off,0,high,discount,0.05575108350855647,0.00020348206832837117,0.001268656744157595,none,na,bull,range,flat,0,flat,0.0
2020-07-27 09:19:00+00:00,2020,3,off,0,normal,equilibrium,0.032152577798706505,0.0013018592814642406,-0.0001266088938225013,buyside,na,range,bear,short,4,loss,-1.1440922190202
2020-07-29 00:49:00+00:00,2020,3,asia,0,normal,discount,0.028857561760977275,0.0006827651382541588,0.0008911107350829704,buyside,na,range,range,short,4,win,0.153292315748117
2020-07-30 14:34:00+00:00,2020,3,ny_am,1,high,discount,0.08213587031273795,0.0029768315500372567,-0.004175509396516286,buyside,na,range,range,flat,0,flat,0.0
2020-08-03 08:05:00+00:00,2020,3,london,1,normal,premium,0.04900054190028868,0.0016742959130094518,0.0004171006725558754,buyside,na,range,range,short,5,loss,-1.1090512540893995
2020-08-04 23:36:00+00:00,2020,3,off,0,low,premium,0.01023970970961849,0.0002969998542949706,3.800017733417716e-05,none,na,bull,bull,flat,0,flat,0.0
2020-08-06 13:21:00+00:00,2020,3,ny_am,1,high,discount,0.029121791003756867,-0.00016635964968781568,0.003232142982442227,buyside,na,bull,range,flat,0,flat,0.0
2020-08-10 06:52:00+00:00,2020,3,london,1,normal,premium,0.01732464645270662,-0.0002488467677892215,-0.0011193798258282792,sellside,na,bull,bull,long,8,loss,-1.1988071570575562
2020-08-11 22:22:00+00:00,2020,3,off,0,high,discount,0.03894209931111541,-0.0004151590296729776,-0.0014617863720073456,none,na,bear,range,flat,0,flat,0.0
2020-08-13 12:07:00+00:00,2020,3,ny_am,1,normal,discount,0.02343057589249553,0.0004676913108329949,-0.0005713870420445319,sellside,na,bear,range,long,5,loss,-1.1023541453428818
2020-08-17 05:38:00+00:00,2020,3,off,0,low,premium,0.017142891261932164,-0.000640262539815316,-0.0008592149191732965,sellside,na,bull,range,long,4,win,0.15715007579569515
2020-08-18 19:24:00+00:00,2020,3,ny_pm,0,high,premium,0.03483441911238239,-0.0005044339455981459,-0.0019619804757614245,sellside,na,bear,range,flat,0,flat,0.0
2020-08-20 10:57:00+00:00,2020,3,off,0,normal,premium,0.02571458258267963,0.0013976086007797541,0.0021024187056915365,none,na,range,bear,flat,0,flat,0.0
2020-08-24 04:28:00+00:00,2020,3,off,0,low,premium,0.009747258803808013,6.969004726059959e-05,-0.0003408052076749488,buyside,na,range,range,short,4,timeout,-0.26813774657294676
2020-08-25 18:14:00+00:00,2020,3,ny_pm,0,normal,discount,0.028954742981217127,0.00024948125288558375,0.0008518719344240278,buyside,na,bear,range,short,4,win,1.0708661417321075
2020-08-27 09:45:00+00:00,2020,3,off,0,normal,discount,0.021068437663578948,0.0008091308199876398,-0.0011496503338333814,none,na,range,bull,flat,0,flat,0.0
2020-08-31 03:16:00+00:00,2020,3,asia,0,low,premium,0.01312600094769267,-0.0003483481939899634,-0.00032959983662411967,none,na,range,bull,flat,0,flat,0.0
2020-09-01 17:01:00+00:00,2020,3,ny_pm,0,normal,premium,0.02439004011335244,0.0003144300954519626,-0.00018975551702765886,buyside,na,bear,bear,short,8,win,0.3271400132714258
2020-09-03 08:32:00+00:00,2020,3,london,1,normal,premium,0.026456455874772248,-0.0009888222626269465,-0.001161767861709621,none,na,bear,range,flat,0,flat,0.0
2020-09-07 02:02:00+00:00,2020,3,asia,0,normal,equilibrium,0.04921399394271218,-0.0013517016299494323,-0.0008379752502840005,sellside,na,range,bear,long,4,loss,-1.024055809477989
2020-09-08 19:02:00+00:00,2020,3,ny_pm,0,high,discount,0.10430864275605281,-0.0008021607865751237,-0.009929479681016104,buyside,na,bear,range,flat,0,flat,0.0
2020-09-10 10:32:00+00:00,2020,3,off,0,normal,discount,0.039891413391181574,-0.00259969739350649,-0.00016565647293713298,none,na,bear,range,flat,0,flat,0.0
2020-09-14 04:03:00+00:00,2020,3,off,0,low,premium,0.014648943793834102,-0.0005919231159234283,-3.65676198028875e-05,none,na,range,range,flat,0,flat,0.0
2020-09-15 17:48:00+00:00,2020,3,ny_pm,0,normal,discount,0.023925617689263996,-1.778915651265375e-06,-1.778915651265375e-06,sellside,na,bull,range,long,4,loss,-1.0533049040511773
2020-09-17 09:19:00+00:00,2020,3,off,0,high,discount,0.0489732133484923,-0.0002680915944827502,0.0009544202194410463,buyside,na,range,range,flat,0,flat,0.0
2020-09-21 02:49:00+00:00,2020,3,asia,0,normal,equilibrium,0.03621524887662285,-0.00020457113663626932,-0.0008152606995304799,sellside,na,range,bear,long,4,loss,-1.1015228426396089
2020-09-22 16:34:00+00:00,2020,3,off,0,normal,discount,0.049133660442600466,-0.00044283027911944247,0.0039634145212367996,buyside,na,range,bear,short,4,win,0.07535024611895538
2020-09-24 08:04:00+00:00,2020,3,london,1,normal,equilibrium,0.05856453091785551,0.0001643773386412814,0.002045856224141534,none,na,range,range,flat,0,flat,0.0
2020-09-28 01:34:00+00:00,2020,3,asia,0,low,premium,0.028954097191491564,-0.0006595786102946912,0.000512791712228822,buyside,na,bull,range,short,4,loss,-1.0473933649289133
2020-09-29 16:19:00+00:00,2020,3,off,0,high,discount,0.0513539042703756,0.0011562734873764406,-0.001636431507558404,none,na,bear,range,flat,0,flat,0.0
2020-10-01 08:49:00+00:00,2020,4,london,1,normal,discount,0.04723961594904842,-5.510513272110122e-05,-0.0024680358304258565,buyside,na,range,range,short,5,win,0.05529332434252953
2020-10-05 02:19:00+00:00,2020,4,asia,0,low,premium,0.025992240335616205,0.0002608179350897144,-0.00046676470398443676,buyside,na,bull,range,short,4,loss,-1.0715307582260394
2020-10-06 16:04:00+00:00,2020,4,off,0,high,discount,0.059459074887457115,-0.0011368753173509824,-0.0035581053973683906,none,na,range,range,flat,0,flat,0.0
2020-10-08 07:34:00+00:00,2020,4,london,1,normal,premium,0.03399575221429469,-0.00038533100706267574,7.344680220003554e-05,sellside,na,bull,range,long,5,timeout,-0.802864938608463
2020-10-12 02:04:00+00:00,2020,4,asia,0,normal,premium,0.02436463791589055,0.0004074377303412118,0.00201315903221371,none,na,bull,bull,flat,0,flat,0.0
2020-10-13 15:49:00+00:00,2020,4,off,0,normal,discount,0.041605456501443865,-0.0009347000075457907,0.0006795186597704194,none,na,range,range,flat,0,flat,0.0
2020-10-15 07:22:00+00:00,2020,4,london,1,normal,discount,0.047195725046357835,-0.0009692806366821453,-0.0015969706484046703,sellside,na,range,range,long,5,timeout,0.037944427845847936
2020-10-19 00:52:00+00:00,2020,4,asia,0,high,discount,0.01696517403867208,-0.000228541361799443,0.003254843838573008,none,na,range,bull,flat,0,flat,0.0
2020-10-20 14:37:00+00:00,2020,4,ny_am,1,high,premium,0.06316563074835932,-0.0005288186803702237,0.002101767215327994,sellside,na,range,bear,flat,0,flat,0.0
2020-10-22 06:07:00+00:00,2020,4,london,1,normal,discount,0.028197442666675388,0.0010721792800551845,0.0013923910406814042,none,na,range,range,flat,0,flat,0.0
2020-10-23 19:52:00+00:00,2020,4,ny_pm,0,normal,equilibrium,0.03366134893058403,0.00047630792105724683,0.0008663841874810983,buyside,na,range,range,short,4,loss,-1.0469483568075133
2020-10-27 13:22:00+00:00,2020,4,ny_am,1,normal,discount,0.032612944833158936,-0.0005238161250170406,-0.0026696532008461255,none,na,bear,range,flat,0,flat,0.0
2020-10-29 04:52:00+00:00,2020,4,off,0,low,premium,0.015533294267372415,0.00031833739061113076,0.0007276593822325517,buyside,na,range,range,short,4,loss,-1.0961538461538327
2020-10-30 18:37:00+00:00,2020,4,ny_pm,0,normal,discount,0.08800817865603466,-0.004682105391026413,0.000553329306113602,sellside,na,range,bear,long,4,loss,-1.032144005143044
2020-11-03 12:07:00+00:00,2020,4,ny_am,1,normal,premium,0.03350459758272945,0.0003379670913689496,2.2670297814546043e-05,none,na,bull,bull,flat,0,flat,0.0
2020-11-05 03:37:00+00:00,2020,4,asia,0,low,premium,0.04620367662344882,0.0009290836465174132,0.003604619367266422,none,na,range,range,flat,0,flat,0.0
2020-11-06 17:22:00+00:00,2020,4,off,0,normal,equilibrium,0.05959765240812221,-0.0007079105387315495,-3.635465198358167e-05,buyside,na,bull,bull,flat,0,flat,0.0
2020-11-10 09:52:00+00:00,2020,4,london,1,normal,premium,0.08411606881989465,0.0012281197496858964,0.005796066262867559,buyside,na,bear,range,short,5,win,0.18574630903610453
2020-11-12 01:22:00+00:00,2020,4,asia,0,normal,equilibrium,0.0351986442330817,0.0007532368250778856,0.0014649686518507074,buyside,na,bear,range,short,4,win,2.4747474747475655
2020-11-13 15:07:00+00:00,2020,4,ny_am,1,high,premium,0.06478594240473512,0.00039135391051954414,0.0013979278699274838,sellside,na,bull,range,flat,0,flat,0.0
2020-11-17 07:37:00+00:00,2020,4,london,1,low,discount,0.02365067396969123,-0.00043457866794605884,-0.00020093077834220722,sellside,na,range,range,long,5,win,0.2717291857274552
2020-11-18 23:07:00+00:00,2020,4,off,0,high,discount,0.062204692657091464,-0.0006617691226672214,-0.00806430695298879,buyside,na,bull,range,flat,0,flat,0.0
2020-11-20 12:52:00+00:00,2020,4,ny_am,1,normal,premium,0.023740542792871633,-0.0007896487132153477,-0.0004932101292394678,buyside,na,bear,bear,short,10,win,0.21518212427298528
2020-11-24 05:22:00+00:00,2020,4,off,0,normal,premium,0.01832166676769884,-0.00016342933690559339,-0.00033082203247952513,sellside,na,bull,range,long,4,win,-3.3421325051760187
2020-11-25 19:07:00+00:00,2020,4,ny_pm,0,normal,discount,0.03690899044984256,-0.00035496085394015186,-0.0009512358710545688,sellside,na,bear,range,long,4,loss,-1.033101621979478
2020-11-27 13:53:00+00:00,2020,4,ny_am,1,normal,premium,0.022757101707977425,0.0002482126517630044,0.00024754435002570166,none,na,bull,bear,flat,0,flat,0.0
2020-12-01 09:23:00+00:00,2020,4,london,1,normal,premium,0.027218803898984945,0.0006045543539764415,0.0023924405033422225,none,na,range,bear,flat,0,flat,0.0
2020-12-03 00:57:00+00:00,2020,4,off,0,low,premium,0.015367572511856036,0.000322472732971393,-0.0006145664630044913,none,na,range,range,flat,0,flat,0.0
2020-12-04 14:43:00+00:00,2020,4,ny_am,1,high,premium,0.05104616742415086,0.0013539602254624505,0.0007459394212015231,none,na,bull,bull,flat,0,flat,0.0
2020-12-08 07:13:00+00:00,2020,4,london,1,normal,discount,0.02194583055339049,-0.0011999466542193713,-0.0020700119756889537,none,na,bear,range,flat,0,flat,0.0
2020-12-09 20:58:00+00:00,2020,4,ny_pm,0,high,discount,0.06367876253602617,0.0014636589544932779,0.002592674720039828,none,na,range,range,flat,0,flat,0.0
2020-12-11 12:30:00+00:00,2020,4,ny_am,1,normal,discount,0.026635515371674242,0.0003636783312129996,0.0024485141321593067,sellside,na,range,bear,long,5,loss,-1.0869565217391304
2020-12-15 05:03:00+00:00,2020,4,off,0,normal,discount,0.016461008825833998,-0.0004345503307299877,-0.0006027159007291604,sellside,na,bear,bull,long,4,loss,-1.1893939393939812
2020-12-16 18:48:00+00:00,2020,4,ny_pm,0,normal,discount,0.017749635698974996,-0.0001337514254649052,-0.0004442618882357666,sellside,na,range,range,long,4,loss,-1.0300390507659951
2020-12-18 10:19:00+00:00,2020,4,off,0,normal,premium,0.014672826337463021,-0.0005279477384533706,-1.320564792384868e-06,sellside,na,bear,range,long,4,loss,-1.1230012300123398
2020-12-22 02:49:00+00:00,2020,4,asia,0,low,equilibrium,0.01909580817040912,0.0001933765229642947,0.00038086419078447754,none,na,bull,bear,flat,0,flat,0.0
2020-12-23 16:34:00+00:00,2020,4,off,0,normal,premium,0.024718437279038358,-0.00021831916078121814,0.0012873726499900312,sellside,na,bull,bear,long,4,win,0.03920642418525341
2020-12-28 12:04:00+00:00,2020,4,ny_am,1,high,premium,0.017755543415482314,-0.0004075112419447365,1.646518765470209e-06,none,na,bull,range,flat,0,flat,0.0
2020-12-30 03:34:00+00:00,2020,4,asia,0,low,premium,0.009745312804050235,-0.00011117685968780949,0.0005476928930593229,none,na,range,bull,flat,0,flat,0.0
2020-12-31 17:22:00+00:00,2020,4,off,0,normal,equilibrium,0.01760243101410378,0.00032893794531325867,0.0003263029480862169,none,na,bear,range,flat,0,flat,0.0
2021-01-05 09:52:00+00:00,2021,1,london,1,normal,premium,0.025047846535526105,0.0003130514725307095,0.0020187879928590703,sellside,na,range,range,long,5,timeout,-0.39681966028187693
2021-01-07 01:22:00+00:00,2021,1,asia,0,low,premium,0.03156961606492365,0.001264574176909532,0.003018885062747382,buyside,na,range,bull,short,4,loss,-1.0813669650121993
2021-01-08 15:07:00+00:00,2021,1,ny_am,1,high,discount,0.05835274921889325,0.0006932991924287604,-0.0021696775198729442,sellside,na,range,range,flat,0,flat,0.0
2021-01-12 07:37:00+00:00,2021,1,london,1,normal,premium,0.026155952938821225,0.0006932302986395825,0.0009039978152044159,none,na,range,range,flat,0,flat,0.0
2021-01-13 23:07:00+00:00,2021,1,off,0,high,equilibrium,0.03009657741308516,0.0006074038279953653,0.0009500371228936881,none,na,range,bull,flat,0,flat,0.0
2021-01-15 12:52:00+00:00,2021,1,ny_am,1,normal,discount,0.030094006662364548,-0.0015354230150294267,-0.0011761886565153374,none,na,bear,range,flat,0,flat,0.0
2021-01-19 08:37:00+00:00,2021,1,london,1,normal,equilibrium,0.023859994446140245,-0.00020782560204878254,-0.00022331224990313197,none,na,bull,range,flat,0,flat,0.0
2021-01-21 00:07:00+00:00,2021,1,off,0,normal,premium,0.025877784098897846,0.0007361607072781948,0.0013937903243128004,buyside,na,bull,bull,flat,0,flat,0.0
2021-01-22 13:52:00+00:00,2021,1,ny_am,1,normal,discount,0.024182316183050244,0.0008740747490630892,0.0008394704938076792,none,na,bear,range,flat,0,flat,0.0
2021-01-26 06:22:00+00:00,2021,1,off,0,normal,discount,0.01911952937497506,0.000552271345856032,-0.0003375596450040302,buyside,na,bear,bear,short,7,win,0.7506631299735027
2021-01-27 20:07:00+00:00,2021,1,ny_pm,0,high,discount,0.11389825790918001,0.002323654739232516,-0.005519054048610734,buyside,na,bear,bull,flat,0,flat,0.0
2021-01-29 11:37:00+00:00,2021,1,off,0,normal,premium,0.058055002378299345,0.004590766865391475,0.0066781932636351925,none,na,bear,range,flat,0,flat,0.0
2021-02-02 04:07:00+00:00,2021,1,asia,0,low,premium,0.021108273652295537,-0.0004779787198998056,-0.00044538132646539515,sellside,na,bull,range,long,4,timeout,1.170423805229882
2021-02-03 17:52:00+00:00,2021,1,off,0,normal,premium,0.023729538526211298,0.0017180335746132228,-0.0005507533367640018,buyside,na,range,range,short,4,loss,-1.0853970964987254
2021-02-05 09:22:00+00:00,2021,1,london,1,normal,premium,0.018031637472104647,0.0007879169782291481,0.0011659275279764885,none,na,bull,bull,flat,0,flat,0.0
2021-02-09 01:52:00+00:00,2021,1,asia,0,normal,premium,0.01682984411321122,0.0008722928224811881,0.0004622692638760481,none,na,bull,range,flat,0,flat,0.0
2021-02-10 15:39:00+00:00,2021,1,ny_am,1,high,discount,0.0911255631642302,-0.0007822328775255665,-0.005617463651799278,sellside,na,bull,range,flat,0,flat,0.0
2021-02-12 07:13:00+00:00,2021,1,london,1,normal,discount,0.014285836325217897,-0.00023953995586975776,-0.0002551442950881824,none,na,range,range,flat,0,flat,0.0
2021-02-16 02:59:00+00:00,2021,1,asia,0,normal,premium,0.008176395693576448,-0.00018953005691257744,0.00023693475208133138,none,na,bull,range,flat,0,flat,0.0
2021-02-17 16:44:00+00:00,2021,1,off,0,high,equilibrium,0.06938448156349597,-0.0005093413133316144,-0.0008407856311100697,none,na,bear,range,flat,0,flat,0.0
2021-02-19 08:14:00+00:00,2021,1,london,1,normal,equilibrium,0.030232261852620373,-0.00023332052295585142,-0.00011063420421737471,none,na,range,bear,flat,0,flat,0.0
2021-02-23 00:44:00+00:00,2021,1,off,0,normal,discount,0.021341159859773303,0.00041586750055716163,-0.0008335454394648501,buyside,na,bull,range,short,4,win,0.5274463007160837
2021-02-24 14:29:00+00:00,2021,1,ny_am,1,normal,discount,0.04727718545457498,-0.0009209213912167412,-0.003077050757399839,sellside,na,range,range,long,5,win,0.4779116465863759
2021-02-26 05:59:00+00:00,2021,1,off,0,normal,discount,0.04064610240174053,-0.0023647468650327117,-0.0024922524498362303,sellside,na,bear,bull,long,4,timeout,1.039318283749344
2021-03-01 20:44:00+00:00,2021,1,ny_pm,0,normal,equilibrium,0.03978936603164429,-0.0014324357769665973,-0.0032176922843624436,buyside,na,bull,range,short,4,timeout,-0.42667341515882146
2021-03-03 12:14:00+00:00,2021,1,ny_am,1,normal,premium,0.022176073423636044,-0.00044352940580980613,0.0001500412138524633,sellside,na,bull,range,long,5,win,0.05083088954042496
2021-03-05 03:44:00+00:00,2021,1,asia,0,normal,discount,0.04025191203453068,0.0014283865136695529,0.002925698943141998,none,na,bull,bear,flat,0,flat,0.0
2021-03-08 18:29:00+00:00,2021,1,ny_pm,0,normal,premium,0.04228596609090896,0.0006364323916687864,0.002306707947881461,none,na,bear,bull,flat,0,flat,0.0
2021-03-10 09:59:00+00:00,2021,1,london,1,normal,premium,0.026672489304357398,0.00034506502221161745,0.0014099407404853156,none,na,bear,range,flat,0,flat,0.0
2021-03-12 01:29:00+00:00,2021,1,asia,0,normal,premium,0.020145594328052078,-0.0002629717093436881,0.0003830309305162453,sellside,na,range,bull,long,4,timeout,0.7986942328618306
2021-03-15 16:14:00+00:00,2021,1,off,0,high,discount,0.02761082233781962,0.001017252940081155,-0.0009423287482284763,none,na,range,bull,flat,0,flat,0.0
2021-03-17 07:45:00+00:00,2021,1,london,1,normal,discount,0.012919185970960523,6.214582212527969e-05,-0.0002722538599750991,none,na,range,bull,flat,0,flat,0.0
2021-03-18 23:15:00+00:00,2021,1,off,0,normal,discount,0.02303326226008154,-5.837913967386292e-05,-0.0015320156662719472,sellside,na,range,bull,long,4,win,0.23501199040746257
2021-03-22 15:00:00+00:00,2021,1,off,0,high,premium,0.03961927806630017,-0.001695371638483352,-4.4084610613452366e-05,none,na,range,range,flat,0,flat,0.0
2021-03-24 06:30:00+00:00,2021,1,london,1,normal,discount,0.015380528388578733,0.0002630521083997119,0.00023309670672943313,buyside,na,range,bear,short,5,loss,-1.0527426160337576
2021-03-25 22:00:00+00:00,2021,1,off,0,normal,premium,0.04102888244263509,0.0014717066616720315,0.0021967342558942508,none,na,bear,range,flat,0,flat,0.0
2021-03-29 13:45:00+00:00,2021,1,ny_am,1,high,premium,0.052856709644219055,0.002764124131434479,0.005429822974269392,none,na,range,range,flat,0,flat,0.0
2021-03-31 05:18:00+00:00,2021,1,off,0,normal,discount,0.016203663620558605,-0.00018250036394140364,-0.001424636200873323,sellside,na,range,range,long,4,win,2.9347826086965805
2021-04-01 19:03:00+00:00,2021,2,ny_pm,0,normal,premium,0.016206384064564098,-0.00028716640659819337,-0.000260930105723493,none,na,range,bear,flat,0,flat,0.0
2021-04-05 19:57:00+00:00,2021,2,ny_pm,0,high,premium,0.0344471490910228,0.0008309434385602672,0.0005070544698790257,buyside,na,bull,range,flat,0,flat,0.0
2021-04-07 11:27:00+00:00,2021,2,ny_am,1,normal,discount,0.012395279212368701,-0.000119029603679149,-0.0003432546279573098,sellside,na,bear,bear,flat,0,flat,0.0
2021-04-09 03:24:00+00:00,2021,2,asia,0,low,premium,0.008638537139822888,0.00020773620367457667,0.00031342825134796537,none,na,range,range,flat,0,flat,0.0
2021-04-12 19:09:00+00:00,2021,2,ny_pm,0,high,discount,0.02444750981173149,0.0002971782318281757,0.0003381617125530265,buyside,na,bull,bull,long,3,loss,-1.043290043290046
2021-04-14 10:42:00+00:00,2021,2,off,0,normal,premium,0.010784101583883399,0.0002851081762787783,-0.0006085775308784713,none,na,range,range,flat,0,flat,0.0
2021-04-16 02:16:00+00:00,2021,2,asia,0,normal,discount,0.013772686079063968,-2.352597973993977e-06,0.00012852748385231113,none,na,bull,range,flat,0,flat,0.0
2021-04-19 18:01:00+00:00,2021,2,ny_pm,0,high,discount,0.02801360664444428,-0.00020649116582030264,0.0012174739724125343,sellside,na,bear,range,flat,0,flat,0.0
2021-04-21 09:32:00+00:00,2021,2,off,0,normal,premium,0.018493380855732024,-6.0331700138463416e-05,-0.0008321712192284594,sellside,na,range,range,long,4,loss,-1.0436109899694717
2021-04-23 01:02:00+00:00,2021,2,asia,0,normal,discount,0.013691706893154116,0.000581167111262351,0.0009510296611245989,none,na,bear,bear,flat,0,flat,0.0
2021-04-26 17:01:00+00:00,2021,2,ny_pm,0,normal,discount,0.019766430995018437,-0.0005284558812735787,-0.0004336685333693344,none,na,bull,range,flat,0,flat,0.0
2021-04-28 08:37:00+00:00,2021,2,london,1,normal,discount,0.01551907171414186,0.0008513544556920468,4.3314189640164106e-05,none,na,range,range,flat,0,flat,0.0
2021-04-30 00:08:00+00:00,2021,2,asia,0,normal,premium,0.02061890712796191,7.34958846714337e-05,-0.000352629928701167,sellside,na,range,range,long,4,win,0.08676599474124976
2021-05-03 15:53:00+00:00,2021,2,off,0,normal,premium,0.025915056021759187,-0.0006869738072965389,0.0011714917483049978,sellside,na,bull,range,long,4,timeout,-0.5147058823529657
2021-05-05 07:25:00+00:00,2021,2,london,1,normal,premium,0.02307885081685533,0.00037928335039673166,0.00023508084558933578,buyside,na,bull,range,short,5,win,-0.03846153846146827
2021-05-06 22:55:00+00:00,2021,2,off,0,low,premium,0.006811108451513011,-0.00010196098196547967,-0.000535642056761265,sellside,na,bull,range,long,4,timeout,-0.016699176935129376
2021-05-10 14:40:00+00:00,2021,2,ny_am,1,high,premium,0.03748262375455397,0.00011519064480461138,0.0007874267990542536,sellside,na,range,range,flat,0,flat,0.0
2021-05-12 06:10:00+00:00,2021,2,london,1,normal,discount,0.034849280629273345,0.0004399599812401064,-0.0005997747401953139,buyside,na,bear,range,short,5,loss,-1.0196889151407753
2021-05-13 19:55:00+00:00,2021,2,ny_pm,0,normal,premium,0.06302439095312957,-0.0022114843153580167,-0.0007700936223873206,none,na,bull,range,flat,0,flat,0.0
2021-05-17 13:25:00+00:00,2021,2,ny_am,1,normal,discount,0.019234253661489818,0.00012105859469353376,0.001785883862032367,none,na,bear,bull,flat,0,flat,0.0
2021-05-19 04:56:00+00:00,2021,2,off,0,normal,discount,0.024722765975361976,-0.0003425190537278164,-0.001485692481088752,none,na,bear,bull,flat,0,flat,0.0
2021-05-20 18:41:00+00:00,2021,2,ny_pm,0,normal,premium,0.03199032683442441,0.0005435517146652796,-0.00022235164253132207,buyside,na,range,range,short,4,loss,-1.0535618639528705
2021-05-24 12:11:00+00:00,2021,2,ny_am,1,low,discount,0.014252620953362258,0.00039791335983178195,-0.00012907161959826652,none,na,bull,range,flat,0,flat,0.0
2021-05-26 03:41:00+00:00,2021,2,asia,0,low,premium,0.008379723765035065,-2.9933567822601353e-05,8.748603783878786e-05,sellside,na,bear,bull,long,4,win,0.19999999999973542
2021-05-27 17:26:00+00:00,2021,2,ny_pm,0,normal,discount,0.019652519646338663,-0.000190754863740918,-0.000826948900941387,sellside,na,bull,bear,long,4,loss,-1.0697350069734823
2021-05-31 10:58:00+00:00,2021,2,off,0,normal,discount,0.009954392961435127,5.70153973409166e-05,0.0003757846458679381,buyside,na,range,range,short,4,win,-0.03721682847889201
2021-06-02 05:44:00+00:00,2021,2,off,0,low,premium,0.009894785409101974,0.0004073026354043114,0.0003601334316060148,buyside,na,bear,bull,short,4,win,1.7525622254755642
2021-06-03 19:29:00+00:00,2021,2,ny_pm,0,high,premium,0.028028046688826403,5.721387500048983e-05,0.0006051224642969156,none,na,range,range,flat,0,flat,0.0
2021-06-07 12:59:00+00:00,2021,2,ny_am,1,normal,premium,0.01170621850250275,0.00017254729475419008,0.0007500517797140318,none,na,range,bull,flat,0,flat,0.0
2021-06-09 04:29:00+00:00,2021,2,off,0,low,discount,0.006685616686072204,-3.43998739635543e-05,-0.00023236994219655703,buyside,na,range,bear,short,4,loss,-1.3787878787879624
2021-06-10 18:20:00+00:00,2021,2,ny_pm,0,normal,discount,0.016204646366183066,-0.0004920166608816972,-0.0010984884509838554,none,na,bull,bear,flat,0,flat,0.0
2021-06-14 12:07:00+00:00,2021,2,ny_am,1,high,equilibrium,0.015664949029805853,0.0002001072853863717,-0.0011071280541375542,sellside,na,range,bear,flat,0,flat,0.0
2021-06-16 03:43:00+00:00,2021,2,asia,0,low,discount,0.00755883114888291,0.00030550611304021373,5.746874954422218e-05,buyside,na,range,bear,short,4,loss,-1.5464480874311726
2021-06-17 17:29:00+00:00,2021,2,ny_pm,0,high,discount,0.0431810548726623,0.0007463952802987709,0.006227076831624373,buyside,na,bull,bear,flat,0,flat,0.0
2021-06-21 10:59:00+00:00,2021,2,off,0,normal,premium,0.025076843788398764,0.00028644770791066965,0.0003602517460710589,none,na,bear,range,flat,0,flat,0.0
2021-06-23 02:31:00+00:00,2021,2,asia,0,low,premium,0.011065593626995216,-8.258929489896983e-05,0.00032284631662647363,buyside,na,bull,range,short,4,timeout,-0.5802615933413311
2021-06-24 16:21:00+00:00,2021,2,off,0,normal,premium,0.01793999644121622,0.00014455557663454945,7.329882229316245e-05,buyside,na,bull,bull,flat,0,flat,0.0
2021-06-28 09:51:00+00:00,2021,2,off,0,normal,premium,0.015050415455401893,8.655350618678076e-05,0.00020391842914267624,none,na,range,range,flat,0,flat,0.0
2021-06-30 01:30:00+00:00,2021,2,asia,0,normal,discount,0.009803492720476118,-7.196242104895467e-05,-0.0004377326091571692,buyside,na,bull,range,short,4,loss,-1.3333333333333333
2021-07-01 15:18:00+00:00,2021,3,off,0,normal,premium,0.02874547169062559,-0.0004620969194790602,-0.0008948889872290186,sellside,na,bear,range,long,4,loss,-1.1426533523537388
2021-07-05 08:54:00+00:00,2021,3,london,1,normal,premium,0.01579541413612254,0.00011417373446183661,0.0017554573579992951,none,na,bull,bull,flat,0,flat,0.0
2021-07-07 03:53:00+00:00,2021,3,asia,0,low,premium,0.008382383138544742,0.00010041953371191298,0.0006697481451624054,sellside,na,range,range,long,4,timeout,-0.38773333333335663
2021-07-08 17:40:00+00:00,2021,3,ny_pm,0,normal,equilibrium,0.03477709870065124,0.0001744033443585314,-0.0009877179795156465,none,na,range,range,flat,0,flat,0.0
2021-07-12 11:10:00+00:00,2021,3,ny_am,1,normal,discount,0.03131547931565039,0.0012617834455511908,0.0012346458581841049,none,na,range,bull,flat,0,flat,0.0
2021-07-14 02:46:00+00:00,2021,3,asia,0,normal,discount,0.01305663088034263,-0.00031123845967342837,-0.0009560256826646992,none,na,bear,range,flat,0,flat,0.0
2021-07-15 16:32:00+00:00,2021,3,off,0,normal,premium,0.029218831552142287,0.001332628251146114,0.0005003220035779091,none,na,bear,range,flat,0,flat,0.0
2021-07-19 10:04:00+00:00,2021,3,off,0,high,discount,0.03820960984793395,-0.0007829256456300905,-0.000487472395966115,buyside,na,bear,range,flat,0,flat,0.0
2021-07-21 01:35:00+00:00,2021,3,asia,0,normal,premium,0.02411148583788886,-8.703454230390661e-05,-1.1567045487658864e-06,none,na,range,range,flat,0,flat,0.0
2021-07-22 15:22:00+00:00,2021,3,off,0,high,equilibrium,0.03343419032529036,0.0004049988595025517,0.0009108448380855007,none,na,range,range,flat,0,flat,0.0
2021-07-26 08:54:00+00:00,2021,3,london,1,high,discount,0.024507651366309172,0.00022934028644875146,0.0001156616160139423,buyside,na,range,range,flat,0,flat,0.0
2021-07-28 00:24:00+00:00,2021,3,asia,0,normal,premium,0.022002575215456073,0.0007565631784436481,0.0017281115856551575,none,na,range,bull,flat,0,flat,0.0
2021-07-29 14:09:00+00:00,2021,3,ny_am,1,high,premium,0.05109950828550196,0.0010739416225420296,-8.378684626317301e-05,sellside,na,range,bear,flat,0,flat,0.0
2021-08-02 07:40:00+00:00,2021,3,london,1,normal,premium,0.020315210317822234,9.585971371802621e-05,0.0016344012257012831,none,na,range,bear,flat,0,flat,0.0
2021-08-03 23:10:00+00:00,2021,3,off,0,low,premium,0.009288758591947258,-0.0005405101834569995,-0.0003552745294109179,none,na,range,range,flat,0,flat,0.0
2021-08-05 12:57:00+00:00,2021,3,ny_am,1,normal,premium,0.017098079603501255,-0.0001724407044990314,-0.0003009435109807936,none,na,range,range,flat,0,flat,0.0
2021-08-09 06:34:00+00:00,2021,3,london,1,high,discount,0.015381281813834184,0.00019910252897235075,-0.0009087683627972404,sellside,na,range,range,flat,0,flat,0.0
2021-08-10 22:08:00+00:00,2021,3,off,0,high,premium,0.016357365461167995,0.0007230518463362498,8.621188385446734e-05,none,na,bull,bear,flat,0,flat,0.0
2021-08-12 12:02:00+00:00,2021,3,ny_am,1,low,premium,0.007107407554605296,-4.2810184430127405e-05,-0.00031000933125256615,buyside,na,range,bull,short,5,win,0.08933717579268244
2021-08-16 05:33:00+00:00,2021,3,off,0,normal,discount,0.007488723372641156,-5.733080211719647e-05,0.0002556680620587723,sellside,na,range,range,long,4,loss,-1.0347101700798274
2021-08-17 19:19:00+00:00,2021,3,ny_pm,0,high,discount,0.036068443492634196,-0.00013969187316318762,0.0011643877785813613,sellside,na,bear,range,flat,0,flat,0.0
2021-08-19 10:49:00+00:00,2021,3,off,0,high,discount,0.04243456097044679,-0.0008341967673146707,-0.0006047586641257956,sellside,na,bear,range,flat,0,flat,0.0
2021-08-23 04:19:00+00:00,2021,3,off,0,low,premium,0.009030744635982527,0.00021821155624572632,-0.000149770238838113,buyside,na,bull,range,short,4,win,-0.042027194066766305
2021-08-24 18:09:00+00:00,2021,3,ny_pm,0,normal,premium,0.013291873545608481,0.0005454731796314811,0.0012332438466359271,buyside,na,bear,bull,short,4,timeout,0.5898845519517223
2021-08-26 09:47:00+00:00,2021,3,off,0,normal,equilibrium,0.019820644933869213,0.00042260961436870224,-0.00030995024987983647,buyside,na,range,range,short,4,loss,-1.1552795031055338
2021-08-30 03:19:00+00:00,2021,3,asia,0,low,discount,0.00816784279398131,7.023779301001277e-05,-0.0003101694117129557,none,na,bull,bear,flat,0,flat,0.0
2021-08-31 17:08:00+00:00,2021,3,ny_pm,0,normal,equilibrium,0.017005621921274503,-0.00042072556240987805,-0.0013800095517422692,none,na,range,range,flat,0,flat,0.0
2021-09-02 08:44:00+00:00,2021,3,london,1,normal,premium,0.013807173989523244,0.00031044485786836917,0.0014061743735476265,none,na,range,range,flat,0,flat,0.0
2021-09-06 02:16:00+00:00,2021,3,asia,0,normal,discount,0.013998735294309917,3.4804615941057436e-05,0.0005486667087557824,none,na,range,bull,flat,0,flat,0.0
2021-09-07 19:21:00+00:00,2021,3,ny_pm,0,normal,equilibrium,0.019116006139254064,-0.0005791432207531417,-0.0006820444267471544,none,na,bear,range,flat,0,flat,0.0
2021-09-09 10:54:00+00:00,2021,3,off,0,normal,equilibrium,0.015273139216846175,-0.0003546123648952482,-0.0006271980186035818,none,na,bear,range,flat,0,flat,0.0
2021-09-13 04:30:00+00:00,2021,3,off,0,normal,discount,0.015608504043356099,-0.000518903510757014,-0.000993228641406171,buyside,na,bear,bear,short,7,win,0.14398422090726642
2021-09-14 18:15:00+00:00,2021,3,ny_pm,0,normal,discount,0.025402993176910475,-0.0010818290531137058,0.0005660927773443121,none,na,range,range,flat,0,flat,0.0
2021-09-16 09:47:00+00:00,2021,3,off,0,normal,discount,0.017572559023485083,-0.0006467822082309648,-0.001564802816472679,none,na,range,bear,flat,0,flat,0.0
2021-09-20 03:21:00+00:00,2021,3,asia,0,high,discount,0.03343959772727462,0.0013561305931251405,-0.0026025386544542453,none,na,bear,range,flat,0,flat,0.0
2021-09-21 17:06:00+00:00,2021,3,ny_pm,0,normal,discount,0.05705108673542877,-0.0008808082324489539,-0.0029156122785784847,sellside,na,bear,range,long,4,win,0.4089068825910824
2021-09-23 08:36:00+00:00,2021,3,london,1,normal,premium,0.02019660251836459,0.000261852523962517,0.0018163573815292542,sellside,na,range,bull,long,5,win,0.02129462866831285
2021-09-27 02:06:00+00:00,2021,3,asia,0,low,premium,0.013557149609815395,0.0003125085775455951,0.0009870829467258457,none,na,bear,range,flat,0,flat,0.0
2021-09-28 15:52:00+00:00,2021,3,off,0,high,discount,0.06771212912632393,-0.001743135260787388,-0.005020510675861771,none,na,bear,range,flat,0,flat,0.0
2021-09-30 08:22:00+00:00,2021,3,london,1,low,premium,0.028226924021478587,-0.0010253285580834168,-0.0011976448625305633,none,na,bull,range,flat,0,flat,0.0
2021-10-04 01:52:00+00:00,2021,4,asia,0,normal,equilibrium,0.05284487708113747,-0.0017254956964881678,-0.0025404372144709458,none,na,bull,bear,flat,0,flat,0.0
2021-10-05 15:37:00+00:00,2021,4,off,0,normal,equilibrium,0.045744472183673744,-0.0008568155120154561,0.0015252438616639033,buyside,na,range,bear,short,4,timeout,0.9273903666426866
2021-10-07 07:07:00+00:00,2021,4,london,1,low,premium,0.034918427898263965,0.00013104597833506554,-0.0010849434124719558,buyside,na,bull,bull,flat,0,flat,0.0
2021-10-11 00:37:00+00:00,2021,4,asia,0,high,discount,0.03361795031054458,0.0016902324726850817,-0.002674295897696704,none,na,bull,range,flat,0,flat,0.0
2021-10-12 14:22:00+00:00,2021,4,ny_am,1,high,premium,0.10008725171044147,-0.0009718658053267173,-0.003561026170633411,sellside,na,bear,range,flat,0,flat,0.0
2021-10-14 05:52:00+00:00,2021,4,off,0,low,premium,0.016521275001487482,0.000777192305796257,0.0005183807732920444,none,na,range,bear,flat,0,flat,0.0
2021-10-15 19:37:00+00:00,2021,4,ny_pm,0,normal,premium,0.026896026122224637,0.000552217117710009,0.0002499529566997512,sellside,na,bull,range,long,4,win,0.5927021696253021
2021-10-19 13:07:00+00:00,2021,4,ny_am,1,normal,premium,0.0192424965547555,-0.0005640516362864322,-0.0015646144868912215,none,na,range,range,flat,0,flat,0.0
2021-10-21 04:38:00+00:00,2021,4,off,0,normal,discount,0.016823767981448884,-0.00031292201910126146,-0.00163336378794269,none,na,bear,bull,flat,0,flat,0.0
2021-10-22 18:23:00+00:00,2021,4,ny_pm,0,high,premium,0.027369878773824578,0.0002637850832758075,-0.0002272313360698388,sellside,na,range,range,flat,0,flat,0.0
2021-10-26 11:56:00+00:00,2021,4,ny_am,1,normal,premium,0.012078240004927729,9.790502766031912e-05,-0.00013748096390609607,buyside,na,bull,bull,flat,0,flat,0.0
2021-10-28 03:26:00+00:00,2021,4,asia,0,normal,premium,0.011184264633938545,3.516744203842873e-05,0.000380220860193965,none,na,bear,range,flat,0,flat,0.0
2021-10-29 17:11:00+00:00,2021,4,ny_pm,0,normal,premium,0.018816688434395778,-0.0001393642198703204,-2.8490434336582044e-05,none,na,range,range,flat,0,flat,0.0
2021-11-02 10:42:00+00:00,2021,4,off,0,normal,premium,0.013294324185049613,0.00034899065663159776,0.0004872059006233105,buyside,na,bear,bull,short,4,loss,-1.1261034047919247
2021-11-04 02:20:00+00:00,2021,4,asia,0,normal,premium,0.009484296293809815,0.00019759783029831788,0.00030833102684747906,buyside,na,range,bull,short,4,timeout,0.4677835051541788
2021-11-05 16:07:00+00:00,2021,4,off,0,high,premium,0.03108709076575356,-0.0010027763907579127,-0.0024838789342259636,none,na,range,range,flat,0,flat,0.0
2021-11-09 09:37:00+00:00,2021,4,london,1,normal,premium,0.013200481903449884,-0.000217015438862945,-0.0007967261200425433,buyside,na,bear,bull,short,5,loss,-1.1572327044025013
2021-11-11 01:07:00+00:00,2021,4,asia,0,normal,discount,0.013013271438915456,-5.4629655306318854e-05,0.0003068133933754847,buyside,na,bull,bear,short,4,win,0.2765370829886327
2021-11-12 14:52:00+00:00,2021,4,ny_am,1,high,premium,0.04307317688584826,-0.0013838938838939565,-0.0016747811854133582,sellside,na,range,bear,flat,0,flat,0.0
2021-11-16 07:23:00+00:00,2021,4,london,1,low,discount,0.011396072832268319,5.8458469551742176e-05,0.000557434305355377,buyside,na,range,range,short,5,win,0.13230035756861253
2021-11-17 21:09:00+00:00,2021,4,off,0,high,discount,0.026797135979458306,-0.0020852607840868213,-0.0017505824614718099,none,na,bear,range,flat,0,flat,0.0
2021-11-19 12:39:00+00:00,2021,4,ny_am,1,high,discount,0.02925905164429286,-0.0005884654055199176,-6.70079116998174e-05,sellside,na,range,range,flat,0,flat,0.0
2021-11-23 05:09:00+00:00,2021,4,off,0,low,premium,0.010781228269154614,-0.00011219249090048778,-2.7769985974697413e-05,sellside,na,range,range,long,4,loss,-1.102986611740483
2021-11-24 18:54:00+00:00,2021,4,ny_pm,0,normal,premium,0.01842649704271853,-0.00011072286653670132,7.103212190009452e-05,none,na,bear,range,flat,0,flat,0.0
2021-11-26 13:42:00+00:00,2021,4,ny_am,1,high,discount,0.040140059240912476,-0.00031423121761454514,-0.0006413930394290839,none,na,bear,range,flat,0,flat,0.0
2021-11-30 09:13:00+00:00,2021,4,london,1,high,discount,0.0587358896395401,-0.001618454596676813,-0.003973383685513599,sellside,na,range,range,flat,0,flat,0.0
2021-12-02 00:43:00+00:00,2021,4,off,0,normal,discount,0.03128895762254182,-0.0009665152898040652,0.001167571065338159,sellside,na,range,bear,long,4,timeout,-0.06605328206536826
2021-12-03 14:28:00+00:00,2021,4,ny_am,1,high,premium,0.043550102345491865,-0.0002868566154257264,0.0013117947698234407,sellside,na,range,range,flat,0,flat,0.0
2021-12-07 06:58:00+00:00,2021,4,off,0,normal,premium,0.016017366452964123,0.00013951645404514549,-0.0004541472193433348,none,na,range,bull,flat,0,flat,0.0
2021-12-08 20:43:00+00:00,2021,4,ny_pm,0,normal,discount,0.026985448235387482,-0.00029372305440646124,0.0013718704904941122,buyside,na,range,range,short,4,loss,-1.0372578241430648
2021-12-10 12:14:00+00:00,2021,4,ny_am,1,normal,premium,0.018126975680368695,-0.0006136373584429716,-2.650149817145492e-05,sellside,na,range,range,long,5,win,-0.0011837821841039385
2021-12-14 04:44:00+00:00,2021,4,asia,0,low,premium,0.007883836312440697,1.6810960746365886e-05,0.0006899937449165345,none,na,range,range,flat,0,flat,0.0
2021-12-15 18:31:00+00:00,2021,4,ny_pm,0,normal,premium,0.03337632208794731,-0.00010952501618941402,-0.0012624444569435689,none,na,bear,bear,short,6,win,0.038937073260758286
2021-12-17 10:01:00+00:00,2021,4,off,0,high,premium,0.0378552783656964,0.001506117732012998,0.0006409817132179855,none,na,bull,range,flat,0,flat,0.0
2021-12-21 02:31:00+00:00,2021,4,asia,0,low,premium,0.01707274341791977,-0.00042499905998862454,0.0007180773550114068,sellside,na,bear,bear,short,6,win,0.6095890410958891
2021-12-22 16:16:00+00:00,2021,4,off,0,high,premium,0.03506829332624356,-7.065352548486892e-05,0.0026634991811862034,buyside,na,bull,range,flat,0,flat,0.0
2021-12-27 08:54:00+00:00,2021,4,london,1,high,discount,0.018450449682151333,0.0001277255775618101,0.0011702275829410858,buyside,na,range,range,flat,0,flat,0.0
2021-12-29 00:24:00+00:00,2021,4,off,0,normal,premium,0.0173950436711244,-0.00035369440528986937,0.00013726459122604732,none,na,range,range,flat,0,flat,0.0
2021-12-30 14:09:00+00:00,2021,4,ny_am,1,normal,premium,0.0124596037606047,0.00012314910318718088,1.477629105793245e-05,none,na,bull,range,flat,0,flat,0.0
2022-01-03 06:44:00+00:00,2022,1,off,0,normal,discount,0.016212655211572835,2.716720923348237e-05,-0.000822549255620342,none,na,bull,bull,long,6,win,0.5018773466830533
2022-01-04 20:29:00+00:00,2022,1,ny_pm,0,high,premium,0.027609312480070355,0.00036490399497971025,0.001684303863630066,buyside,na,bull,range,flat,0,flat,0.0
2022-01-06 11:59:00+00:00,2022,1,off,0,normal,premium,0.02807027538808356,-8.223111658343963e-05,-0.0006574704809451357,none,na,bear,range,flat,0,flat,0.0
2022-01-10 04:29:00+00:00,2022,1,asia,0,normal,discount,0.02348494692436216,0.00067452898983064,0.0014767496248690567,sellside,na,bear,bear,flat,0,flat,0.0
2022-01-11 18:14:00+00:00,2022,1,ny_pm,0,high,premium,0.03689883928426121,-0.0007510448236829317,0.0004417482262215402,sellside,na,range,bear,flat,0,flat,0.0
2022-01-13 09:44:00+00:00,2022,1,london,1,normal,discount,0.017106934603700268,0.00017947955890491656,-5.512972436736182e-07,buyside,na,bull,range,short,5,win,0.4708171206228479
2022-01-17 02:14:00+00:00,2022,1,asia,0,low,premium,0.017839570263683185,-0.0005161284569042235,-0.0003896538268577736,none,na,bear,bear,short,6,timeout,-0.09557408595263546
2022-01-18 19:15:00+00:00,2022,1,ny_pm,0,high,discount,0.04708465809209414,-0.00027574714917819374,0.002441774378688948,sellside,na,bear,bear,flat,0,flat,0.0
2022-01-20 10:45:00+00:00,2022,1,off,0,low,premium,0.01940787264394783,8.593324068489575e-05,0.0009617572618085558,none,na,bear,bear,short,6,win,0.5834633385338043
2022-01-24 03:15:00+00:00,2022,1,asia,0,low,premium,0.0272716705910944,0.0006103946967609299,-0.0005207411157422086,none,na,bear,bear,short,6,loss,-1.0389711613406136
2022-01-25 17:00:00+00:00,2022,1,off,0,high,discount,0.12157736337564684,-0.001091674098735228,-0.0013701051887209405,none,na,bear,bear,flat,0,flat,0.0
2022-01-27 08:30:00+00:00,2022,1,london,1,normal,discount,0.07194281150984655,-0.0005310579038675871,0.0006068560580482809,none,na,range,bull,flat,0,flat,0.0
2022-01-31 01:00:00+00:00,2022,1,asia,0,low,premium,0.03795514637482634,-0.00034657883976029895,0.0003759965207325636,sellside,na,bull,bear,long,4,win,0.7654867256637339
2022-02-01 14:45:00+00:00,2022,1,ny_am,1,high,premium,0.09703199033669824,-0.0008680930973653342,-0.0005572779561845685,buyside,na,bull,range,flat,0,flat,0.0
2022-02-03 06:15:00+00:00,2022,1,off,0,low,premium,0.010223222944790843,-0.0001118119177456449,-0.0004061116717224422,none,na,range,bull,flat,0,flat,0.0
2022-02-04 20:00:00+00:00,2022,1,ny_pm,0,normal,premium,0.05425762336351116,0.001619807016112594,0.0018772753290706714,none,na,bear,bear,short,6,win,0.02322138958277471
2022-02-08 12:30:00+00:00,2022,1,ny_am,1,normal,discount,0.03149444013891364,-5.782889256812802e-05,-0.00039811467924011926,none,na,range,bear,flat,0,flat,0.0
2022-02-10 04:00:00+00:00,2022,1,asia,0,low,discount,0.009259666358466798,0.0001950085641494567,0.0005886146312299621,none,na,bull,range,flat,0,flat,0.0
2022-02-11 17:45:00+00:00,2022,1,off,0,high,discount,0.05008164926742219,-0.001177822546321313,-0.00012838717025883008,none,na,bull,range,flat,0,flat,0.0
2022-02-15 10:15:00+00:00,2022,1,off,0,normal,premium,0.043570591835956414,-0.0018086962896526734,1.377072996906536e-05,sellside,na,range,range,long,4,win,0.10557768924305387
2022-02-17 01:45:00+00:00,2022,1,asia,0,low,premium,0.018004550650396342,-0.0004030648974590786,0.0003970801279027645,buyside,na,range,bull,short,4,win,0.4638783269962753
2022-02-18 15:31:00+00:00,2022,1,ny_am,1,high,discount,0.08146777705203223,-0.003158121688649496,0.0002031937028636336,sellside,na,bear,bear,flat,0,flat,0.0
2022-02-22 11:19:00+00:00,2022,1,off,0,high,equilibrium,0.06487382925860506,-0.000723895970508273,0.003918165678639577,sellside,na,bull,bear,flat,0,flat,0.0
2022-02-24 02:49:00+00:00,2022,1,asia,0,high,equilibrium,0.0744786760694591,-0.0006992021869271001,-0.0011565089513368156,sellside,na,range,bear,flat,0,flat,0.0
2022-02-25 16:34:00+00:00,2022,1,off,0,normal,premium,0.07147618734056678,0.00025040280261936007,0.007713479587037947,buyside,na,bear,range,short,4,loss,-1.0424989375265639
2022-03-01 09:04:00+00:00,2022,1,london,1,normal,discount,0.059544327418970734,0.0005493138147558541,-0.0030369855898163475,none,na,bull,bull,long,7,loss,-1.0131978355549696
2022-03-03 00:38:00+00:00,2022,1,off,0,low,premium,0.02091501166192666,0.00012615370070563568,0.000556852283109251,none,na,bull,bear,flat,0,flat,0.0
2022-03-04 14:23:00+00:00,2022,1,ny_am,1,normal,discount,0.05984120536643713,0.0012422040702298103,-7.587393933313597e-05,buyside,na,range,range,short,5,loss,-1.0589622641509464
2022-03-08 06:53:00+00:00,2022,1,off,0,high,discount,0.06691735185673071,0.0024518444971065507,-0.0030231424545830526,none,na,bear,range,flat,0,flat,0.0
2022-03-09 20:38:00+00:00,2022,1,ny_pm,0,normal,premium,0.06274338486857806,9.575236523294723e-06,0.002787232082604552,buyside,na,bull,range,short,4,win,9.350404312670802
2022-03-11 12:08:00+00:00,2022,1,ny_am,1,high,premium,0.0925621795881567,0.002065054900968119,0.00868194525572894,none,na,bull,range,flat,0,flat,0.0
2022-03-15 04:40:00+00:00,2022,1,off,0,low,equilibrium,0.021419999514821608,-0.00036406626551683277,-0.0009095175466901552,none,na,bull,bear,flat,0,flat,0.0
2022-03-16 18:25:00+00:00,2022,1,ny_pm,0,high,discount,0.12373583842847119,-0.00013476442016576842,-0.007888553801623253,none,na,bull,range,flat,0,flat,0.0
2022-03-18 10:55:00+00:00,2022,1,off,0,normal,discount,0.03280771555498649,-0.001221672451796562,-0.0016569491438465584,none,na,bull,bull,long,6,loss,-1.1499250374812986
2022-03-22 04:25:00+00:00,2022,1,off,0,normal,premium,0.013995848277532393,-0.00043108717984961147,-0.0006661742769836787,none,na,range,bull,flat,0,flat,0.0
2022-03-23 18:10:00+00:00,2022,1,ny_pm,0,high,discount,0.03772982007652006,-0.00010218745010369119,-0.001131604895307604,buyside,na,range,range,flat,0,flat,0.0
2022-03-25 09:40:00+00:00,2022,1,off,0,normal,discount,0.02633106437880746,-5.7916643255146935e-05,0.0006487788252432055,sellside,na,bull,range,long,4,win,1.8447121820611363
2022-03-29 04:11:00+00:00,2022,1,off,0,low,premium,0.008399224312209495,0.00012836100718501345,-1.5721243487558076e-05,sellside,na,range,range,long,4,win,0.2176724137931778
2022-03-30 18:57:00+00:00,2022,1,ny_pm,0,normal,discount,0.03327291517195316,-0.0007031858898771429,-0.0005468815098594574,buyside,na,range,range,short,4,win,0.1704740849913741
2022-04-01 10:27:00+00:00,2022,2,off,0,normal,premium,0.01588398741586309,7.022558464224048e-05,0.0007460415482899058,buyside,na,bull,bear,short,4,timeout,0.009509875640086032
2022-04-05 03:59:00+00:00,2022,2,asia,0,low,discount,0.006517506621433428,7.570676133069023e-05,-8.572980145660275e-05,buyside,na,bull,range,short,4,win,-0.05682483889872177
2022-04-06 18:45:00+00:00,2022,2,ny_pm,0,high,equilibrium,0.10114816930661898,0.004628260363297565,0.00037596360602727827,none,na,range,bear,flat,0,flat,0.0
2022-04-08 11:16:00+00:00,2022,2,ny_am,1,low,premium,0.018362188179837664,0.0002835148231575284,0.0011497484654879465,sellside,na,bull,range,long,5,timeout,0.057494279176261084
2022-04-12 04:47:00+00:00,2022,2,off,0,low,discount,0.01178814424783332,-0.00036678137488273054,-0.001081713858310576,none,na,bear,bull,flat,0,flat,0.0
2022-04-13 18:32:00+00:00,2022,2,ny_pm,0,normal,premium,0.0331788051556369,-0.00037621464829590035,-7.137781525271742e-05,sellside,na,bear,bear,short,6,loss,-1.0265463233342194
2022-04-18 12:03:00+00:00,2022,2,ny_am,1,normal,premium,0.019982864350172838,-0.00033360407182958296,0.00046707078274483687,none,na,range,bull,flat,0,flat,0.0
2022-04-20 03:33:00+00:00,2022,2,asia,0,low,discount,0.020311938341772282,-5.590758218621267e-05,-0.0002290380716312402,sellside,na,range,bull,long,4,win,0.17560400707126453
2022-04-21 17:18:00+00:00,2022,2,ny_pm,0,high,discount,0.056407186968881085,-0.001211481608956895,-0.004302617018230826,none,na,bull,bull,long,3,timeout,-0.1850041084634288
2022-04-25 10:48:00+00:00,2022,2,off,0,normal,discount,0.048511702105481155,-0.0001789678743717109,-0.00114786032220537,buyside,na,bear,range,short,4,loss,-1.0138064337981498
2022-04-27 02:18:00+00:00,2022,2,asia,0,normal,discount,0.035636015135016935,-0.00018855636458549056,0.0013176865548611162,none,na,range,range,flat,0,flat,0.0
2022-04-28 16:03:00+00:00,2022,2,off,0,high,equilibrium,0.07575828666752336,0.0019142384087134255,0.0025097206012071245,none,na,range,range,flat,0,flat,0.0
2022-05-02 09:33:00+00:00,2022,2,off,0,normal,premium,0.04147112480188956,0.001042266614276547,0.0025255931816848217,none,na,range,bear,flat,0,flat,0.0
2022-05-04 01:03:00+00:00,2022,2,asia,0,low,equilibrium,0.018326091234245022,-9.075961577028341e-05,-5.910115584994104e-05,buyside,na,bull,bull,flat,0,flat,0.0
2022-05-05 14:48:00+00:00,2022,2,ny_am,1,high,discount,0.13351186774732468,-0.00585575318015322,-0.01351075819793942,none,na,range,range,flat,0,flat,0.0
2022-05-09 08:18:00+00:00,2022,2,london,1,normal,premium,0.06252916351788222,0.0002240972477538285,-0.003772691798145911,buyside,na,bear,bear,short,10,win,0.224605767864774
2022-05-10 23:49:00+00:00,2022,2,off,0,low,discount,0.02824619801827019,-0.000618632796624811,-0.0015227978192092508,none,na,bear,bear,flat,0,flat,0.0
2022-05-12 13:34:00+00:00,2022,2,ny_am,1,high,discount,0.12027293574413601,-0.006149618651762515,-0.0035418476970719547,none,na,bear,bear,flat,0,flat,0.0
2022-05-16 07:04:00+00:00,2022,2,london,1,normal,premium,0.0454993233993189,0.0010933603576453884,0.0007967520490140017,buyside,na,range,range,short,5,win,2.18394844756891
2022-05-17 22:34:00+00:00,2022,2,off,0,normal,premium,0.018654801004460923,0.00019939148898031125,0.003713979964394551,none,na,bull,bull,flat,0,flat,0.0
2022-05-19 12:19:00+00:00,2022,2,ny_am,1,normal,discount,0.051591557416992444,-0.0009613296963773829,0.0018307319556013634,sellside,na,bear,range,long,5,loss,-1.0120831319478005
2022-05-23 05:49:00+00:00,2022,2,off,0,normal,premium,0.03724104629700255,0.002495985755393396,0.0026869555289620226,buyside,na,range,range,short,4,loss,-1.1086956521739044
2022-05-24 19:34:00+00:00,2022,2,ny_pm,0,high,premium,0.0910550860710664,0.001820605443267591,0.0006440470396130819,buyside,na,bear,bull,flat,0,flat,0.0
2022-05-26 11:04:00+00:00,2022,2,ny_am,1,normal,premium,0.032714891683059195,0.002158012467412459,0.001613751145918482,none,na,bull,bull,flat,0,flat,0.0
2022-05-30 04:34:00+00:00,2022,2,off,0,low,premium,0.011993042400584648,0.0004838291604946576,0.0001433859402419344,none,na,bull,bull,flat,0,flat,0.0
2022-05-31 23:20:00+00:00,2022,2,off,0,low,premium,0.0220849371526363,-0.00015678976727753234,0.0009105933978198556,sellside,na,range,range,long,4,win,0.3261035007610384
2022-06-02 13:05:00+00:00,2022,2,ny_am,1,high,equilibrium,0.05556989078259894,-0.0023536683437527252,-0.002442703323102569,none,na,bull,range,flat,0,flat,0.0
2022-06-06 06:36:00+00:00,2022,2,london,1,normal,premium,0.023489812020785733,0.00021307506053271408,0.00030390168598846365,none,na,bear,bull,flat,0,flat,0.0
2022-06-07 22:06:00+00:00,2022,2,off,0,normal,premium,0.03408631242552771,-0.0007846740872317074,0.0005591638220101512,none,na,range,range,flat,0,flat,0.0
2022-06-09 11:52:00+00:00,2022,2,ny_am,1,high,premium,0.062186041332443404,-0.0009709187579869106,-0.0019076529033557606,none,na,range,range,flat,0,flat,0.0
2022-06-13 05:22:00+00:00,2022,2,off,0,normal,discount,0.028565600939543714,-2.8962095053642796e-06,-0.0015611947204050992,sellside,na,bear,range,long,4,loss,-1.0288933834152005
2022-06-14 19:07:00+00:00,2022,2,ny_pm,0,normal,discount,0.08125717366953206,-0.0013688976033564288,-0.004541148544354824,buyside,na,range,range,short,4,win,-0.9229109828056621
2022-06-16 10:37:00+00:00,2022,2,off,0,normal,discount,0.05079681530254164,-0.0016933752955028648,-0.00048075453543899047,sellside,na,bear,bull,long,4,timeout,0.10009066183138086
2022-06-20 04:07:00+00:00,2022,2,off,0,low,equilibrium,0.026022725898869375,-0.00028352461504609365,0.0008535472695681089,none,na,bear,bear,flat,0,flat,0.0
2022-06-21 22:53:00+00:00,2022,2,off,0,normal,equilibrium,0.01750669050022182,0.00031025548522511974,-0.0006412182425770784,none,na,bull,bull,flat,0,flat,0.0
2022-06-23 12:38:00+00:00,2022,2,ny_am,1,normal,premium,0.0364866673496262,-0.0021871885772164704,-0.0039147279489135,none,na,bear,bull,flat,0,flat,0.0
2022-06-27 06:08:00+00:00,2022,2,london,1,normal,premium,0.03611387065501957,-0.0006335961419484165,-0.0016304294425637275,none,na,bull,range,flat,0,flat,0.0
2022-06-28 19:54:00+00:00,2022,2,ny_pm,0,high,discount,0.08002919573332987,-0.0006372214050926128,-0.001068883342471701,sellside,na,range,range,flat,0,flat,0.0
2022-06-30 11:24:00+00:00,2022,2,ny_am,1,normal,discount,0.0314981641488578,-0.0002970940548902283,-0.0016128139238732546,sellside,na,bear,bear,flat,0,flat,0.0
2022-07-04 04:55:00+00:00,2022,3,off,0,low,discount,0.015573716254294661,0.0007572767692805099,-0.0003754609583665405,none,na,bull,bull,long,6,win,0.5353651523863616
2022-07-05 23:41:00+00:00,2022,3,off,0,low,premium,0.023431485100238555,-0.00045771901418443606,-0.0011028560223725055,sellside,na,range,range,long,4,loss,-1.0204290091930555
2022-07-07 13:27:00+00:00,2022,3,ny_am,1,normal,premium,0.03430354515221212,0.0003682810721142376,0.0015543857050381014,buyside,na,range,bull,short,5,loss,-1.0583090379008822
2022-07-11 06:58:00+00:00,2022,3,london,1,normal,discount,0.02735293400350227,-0.0004992122860868551,-0.0024065971755449825,none,na,bear,bull,flat,0,flat,0.0
2022-07-12 22:28:00+00:00,2022,3,off,0,normal,discount,0.027828324692586788,-0.0002273493898974081,0.003236309836621593,buyside,na,range,bear,short,4,win,0.4847161572053897
2022-07-14 12:13:00+00:00,2022,3,ny_am,1,normal,discount,0.05168004134778071,-0.0010711391284486972,-0.001975696951795958,none,na,bear,bear,flat,0,flat,0.0
2022-07-18 05:44:00+00:00,2022,3,off,0,low,premium,0.019087783241693385,0.000592897281821042,0.0011666999963959798,none,na,bull,range,flat,0,flat,0.0
2022-07-19 19:30:00+00:00,2022,3,ny_pm,0,normal,premium,0.03972647668567892,0.0006449481632361144,0.0013894981796912075,none,na,bull,bull,flat,0,flat,0.0
2022-07-21 11:00:00+00:00,2022,3,ny_am,1,normal,discount,0.02717718365205638,-0.00022425572575509445,-0.0006020861420206908,sellside,na,range,range,long,5,win,0.7110799438988759
2022-07-25 04:30:00+00:00,2022,3,off,0,low,discount,0.010488213516255871,0.00015285797328529077,0.000735213293510584,buyside,na,bull,bull,long,6,win,-0.09009812667247796
2022-07-26 18:15:00+00:00,2022,3,ny_pm,0,high,discount,0.049587111230436604,-0.0006577920730246764,-0.001975790684715997,none,na,range,range,flat,0,flat,0.0
2022-07-28 09:45:00+00:00,2022,3,off,0,normal,discount,0.020244291948415323,0.0010743843065194908,-0.00020297733243653844,none,na,bull,bull,long,6,timeout,-0.6906870229007323
2022-08-01 03:15:00+00:00,2022,3,asia,0,low,discount,0.013879903992251155,-0.0003920628644100705,-2.688016851425118e-05,sellside,na,bull,bull,long,8,loss,-1.1135073779795988
2022-08-02 17:01:00+00:00,2022,3,ny_pm,0,high,premium,0.041599767478965335,-0.0006855175336758803,0.0019759971759221416,sellside,na,bear,bull,flat,0,flat,0.0
2022-08-04 08:31:00+00:00,2022,3,london,1,normal,discount,0.019790029166409644,-0.0006397135643656676,-0.0015380127571931871,sellside,na,range,range,long,5,loss,-1.0828500414250226
2022-08-08 02:03:00+00:00,2022,3,asia,0,normal,premium,0.015926538678018676,0.0003701004065303368,0.0006600815312181171,buyside,na,bear,bear,short,8,timeout,-0.26147158267593623
2022-08-09 15:48:00+00:00,2022,3,off,0,high,discount,0.044996051195506946,9.140765039376891e-05,0.00028951489797952125,none,na,bear,bull,flat,0,flat,0.0
2022-08-11 07:18:00+00:00,2022,3,london,1,normal,premium,0.023623124654351256,0.00036082673339823956,0.0007821704676277163,none,na,bull,bull,flat,0,flat,0.0
2022-08-15 00:49:00+00:00,2022,3,asia,0,high,premium,0.014044735081653457,0.000131527731716689,-0.0017025758535327514,none,na,range,bull,flat,0,flat,0.0
2022-08-16 15:35:00+00:00,2022,3,off,0,high,premium,0.04059204372974482,0.0008208115792831842,0.005023940929205199,none,na,bear,range,flat,0,flat,0.0
2022-08-18 07:10:00+00:00,2022,3,london,1,normal,discount,0.030743230908924005,0.0011233304667003492,-0.0005284647377261719,none,na,bear,range,flat,0,flat,0.0
2022-08-22 00:41:00+00:00,2022,3,asia,0,high,discount,0.021780499849046325,0.0004752955166275108,-0.004790228053414454,none,na,bear,range,flat,0,flat,0.0
2022-08-23 14:27:00+00:00,2022,3,ny_am,1,high,premium,0.06212225877703944,-0.0017590943396225448,0.0005058999982148618,none,na,range,range,flat,0,flat,0.0
2022-08-25 05:57:00+00:00,2022,3,off,0,low,premium,0.01118875281920946,-3.14674735249886e-05,-0.00042796941969468254,sellside,na,bull,bear,long,4,win,0.04672469079251145
2022-08-26 19:42:00+00:00,2022,3,ny_pm,0,high,discount,0.056061371654175685,-0.002481808142785366,-0.005779527796227609,sellside,na,bull,bull,long,5,loss,-1.0183857326714458
2022-08-30 14:13:00+00:00,2022,3,ny_am,1,high,discount,0.09141580421594026,-0.0041448893984408946,-0.00775163462028239,sellside,na,bull,range,flat,0,flat,0.0
2022-09-01 05:43:00+00:00,2022,3,off,0,low,discount,0.020594290015504453,7.920472098301528e-05,0.001015342529256747,none,na,range,bear,flat,0,flat,0.0
2022-09-05 00:13:00+00:00,2022,3,asia,0,high,discount,0.045344419082323305,0.0020746219469671002,0.0010035370778109826,buyside,na,range,range,flat,0,flat,0.0
2022-09-06 17:14:00+00:00,2022,3,ny_pm,0,high,discount,0.0766714917358139,-0.00536773806974605,-0.006604624963756151,none,na,range,range,flat,0,flat,0.0
2022-09-08 08:45:00+00:00,2022,3,london,1,normal,discount,0.03055235719513227,0.0008554607439274197,0.00033560503185713005,none,na,bull,range,flat,0,flat,0.0
2022-09-12 02:18:00+00:00,2022,3,asia,0,low,premium,0.012315102688552761,-0.0005415397303542746,0.0008090541932607352,none,na,bull,range,flat,0,flat,0.0
2022-09-13 18:04:00+00:00,2022,3,ny_pm,0,high,discount,0.05455625474672338,-0.002033229393691077,-0.0015576165832701429,none,na,bull,range,flat,0,flat,0.0
2022-09-15 09:34:00+00:00,2022,3,off,0,normal,premium,0.026090013256807924,0.0009294261515118429,0.0013128601582554184,none,na,bull,bear,flat,0,flat,0.0
2022-09-19 03:04:00+00:00,2022,3,asia,0,normal,premium,0.019574186723415894,-0.00028852695940026095,-0.003170801797835191,none,na,bull,bear,flat,0,flat,0.0
2022-09-20 16:49:00+00:00,2022,3,off,0,normal,discount,0.05211357080471403,-0.00048732832270720913,-0.001806757076139673,sellside,na,range,range,long,4,win,0.102512052778459
2022-09-22 08:19:00+00:00,2022,3,london,1,high,discount,0.06415100838421105,-0.0001860338700389502,0.006788445493147031,buyside,na,bull,bear,flat,0,flat,0.0
2022-09-26 01:49:00+00:00,2022,3,asia,0,normal,premium,0.04443590732660824,0.0009968748736924613,-0.000462947104308183,sellside,na,bear,bear,short,6,loss,-1.1506024096385674
2022-09-27 15:34:00+00:00,2022,3,off,0,high,discount,0.09039239473952093,-0.0038542281201740447,-0.005476245133686503,none,na,bull,range,flat,0,flat,0.0
2022-09-29 07:04:00+00:00,2022,3,london,1,normal,discount,0.06492561487985155,-0.0027255043266703727,-0.0045704979277096415,buyside,na,range,range,short,5,win,0.09615384615384232
2022-10-03 00:34:00+00:00,2022,4,asia,0,high,discount,0.05814734320088004,6.917153807804308e-05,-0.008813403686366829,sellside,na,bear,range,flat,0,flat,0.0
2022-10-04 14:19:00+00:00,2022,4,ny_am,1,high,premium,0.08102986801276281,-0.0010550842596042875,0.011859121315103513,buyside,na,bull,range,flat,0,flat,0.0
2022-10-06 05:49:00+00:00,2022,4,off,0,low,premium,0.01811895203270076,-0.00020684135169663298,0.0005541907383670179,none,na,bear,range,flat,0,flat,0.0
2022-10-07 19:34:00+00:00,2022,4,ny_pm,0,normal,discount,0.06722736486153348,-0.002376311205410829,-0.0035365686944634164,none,na,range,range,flat,0,flat,0.0
2022-10-11 13:04:00+00:00,2022,4,ny_am,1,normal,premium,0.04920258711221026,-0.00010656462047736647,0.0013087226674610183,sellside,na,range,bear,long,5,loss,-1.0441306266548989
2022-10-13 04:36:00+00:00,2022,4,off,0,low,discount,0.01224143389571845,-0.00015349115460222548,-0.0006498780368216535,buyside,na,range,range,short,4,win,0.332007952286173
2022-10-14 18:21:00+00:00,2022,4,ny_pm,0,normal,discount,0.08210364140347626,-0.0024177814727783307,-0.0014398370630959842,none,na,range,range,flat,0,flat,0.0
2022-10-18 11:56:00+00:00,2022,4,ny_am,1,normal,premium,0.05097898840947915,0.00042973127449220965,0.004647765209111685,none,na,bull,range,flat,0,flat,0.0
2022-10-20 03:26:00+00:00,2022,4,asia,0,low,discount,0.02364954794552361,5.008801650785026e-05,-0.00011597404026541043,none,na,range,bear,flat,0,flat,0.0
2022-10-21 17:11:00+00:00,2022,4,ny_pm,0,high,premium,0.07184959898693814,-0.0005180929387494337,0.003705711367487578,none,na,range,range,flat,0,flat,0.0
2022-10-25 10:41:00+00:00,2022,4,off,0,normal,discount,0.03382796242159384,7.969250170063798e-05,0.00016131078722856303,none,na,range,range,flat,0,flat,0.0
2022-10-27 02:11:00+00:00,2022,4,asia,0,normal,premium,0.02393620740905666,-0.0005942726736739018,-0.0004531109818789981,none,na,range,bull,flat,0,flat,0.0
2022-10-28 15:56:00+00:00,2022,4,off,0,normal,premium,0.04614108515673687,0.0008156459453390835,0.0017354921167086086,buyside,na,range,range,short,4,loss,-1.0265251989389916
2022-11-01 09:26:00+00:00,2022,4,off,0,normal,premium,0.029217839654771028,0.00012583188859681695,-0.0010279595276608117,buyside,na,bull,range,short,4,loss,-1.1108647450111258
2022-11-03 00:58:00+00:00,2022,4,asia,0,normal,discount,0.019429770155820227,0.0012159841600997612,0.0011239260988980572,none,na,bull,range,flat,0,flat,0.0
2022-11-04 14:49:00+00:00,2022,4,ny_am,1,high,premium,0.08594478943041875,0.0005243161211062386,0.011509261504598018,none,na,bear,bear,short,4,win,-0.01191895113230015
2022-11-08 08:19:00+00:00,2022,4,london,1,normal,discount,0.034334431419888664,-1.6477204245652934e-05,-0.0008871650989859351,sellside,na,bull,bull,long,10,timeout,0.004373130621627703
2022-11-09 23:49:00+00:00,2022,4,off,0,normal,discount,0.021710369153142825,0.0003360701682534003,-0.0003109634273823265,none,na,bear,range,flat,0,flat,0.0
2022-11-11 13:34:00+00:00,2022,4,ny_am,1,normal,discount,0.03783606306501452,-0.0006983881555731657,-0.0003984813400551719,sellside,na,bull,range,long,5,win,1.9922779922778242
2022-11-15 06:04:00+00:00,2022,4,off,0,low,discount,0.013603298961625872,0.00014852666008990616,0.00023706953534656045,none,na,range,bear,flat,0,flat,0.0
2022-11-16 19:49:00+00:00,2022,4,ny_pm,0,normal,equilibrium,0.05191713869895087,0.0009951106024591984,0.001130011219610121,none,na,range,bear,flat,0,flat,0.0
2022-11-18 11:19:00+00:00,2022,4,off,0,normal,premium,0.028295579782034043,-2.9694279559649604e-07,0.0014562468738421295,none,na,bear,bear,short,6,loss,-1.0575043128234636
2022-11-22 03:49:00+00:00,2022,4,asia,0,low,premium,0.010130362824784815,-0.000342166056297808,0.0007259891973517979,none,na,bear,bull,flat,0,flat,0.0
2022-11-23 17:34:00+00:00,2022,4,off,0,high,discount,0.03376321444243751,0.00031471776298719437,-0.002325047353679054,none,na,range,range,flat,0,flat,0.0
2022-11-25 12:21:00+00:00,2022,4,ny_am,1,normal,premium,0.015484391182955788,0.00029271843200976257,0.0004664459561938711,buyside,na,bear,range,short,5,loss,-1.1035196687371005
2022-11-29 07:52:00+00:00,2022,4,london,1,normal,premium,0.017597478558939023,0.0003985968917696463,0.0006343076389100418,none,na,range,bear,flat,0,flat,0.0
2022-11-30 23:22:00+00:00,2022,4,off,0,high,premium,0.03056117701313522,-0.0004201567601398786,0.0027713801513794536,none,na,bear,bear,short,3,timeout,-0.5800372747979758
2022-12-02 13:07:00+00:00,2022,4,ny_am,1,normal,equilibrium,0.018722240282632294,0.00032000652242587547,0.0009615093248922527,buyside,na,range,bull,short,5,loss,-1.095602294455075
2022-12-06 05:37:00+00:00,2022,4,off,0,low,premium,0.01576389894178774,-0.0005745717998512773,-0.0006760020450680738,none,na,bear,bear,short,6,timeout,-0.2610486891386488
2022-12-07 19:22:00+00:00,2022,4,ny_pm,0,normal,discount,0.04610170261117484,-0.00019521918643955775,-0.0034898891838387332,none,na,bull,range,flat,0,flat,0.0
2022-12-09 10:53:00+00:00,2022,4,off,0,low,premium,0.01253497657928419,-5.97349130161133e-05,0.000740477012805756,sellside,na,bull,bull,long,7,win,0.04382470119506283
2022-12-13 03:23:00+00:00,2022,4,asia,0,low,equilibrium,0.014108333927452586,-3.531385185916228e-06,0.00018896547583091105,sellside,na,range,range,long,4,timeout,-0.5143380109823423
2022-12-14 17:08:00+00:00,2022,4,off,0,normal,premium,0.04126728367801156,0.00047576513061384516,0.00039235691069942506,buyside,na,range,range,short,4,loss,-1.0639386189258335
2022-12-16 08:38:00+00:00,2022,4,london,1,high,discount,0.05890978606676186,-0.0025401806821559046,-0.0072869429995309366,sellside,na,range,range,flat,0,flat,0.0
2022-12-20 01:08:00+00:00,2022,4,asia,0,low,premium,0.017637041491067536,9.206483437313141e-05,0.00033541708657328453,none,na,bear,range,flat,0,flat,0.0
2022-12-21 14:53:00+00:00,2022,4,ny_am,1,high,premium,0.0604272684126088,-0.000389526676848978,-0.0014305918976093754,sellside,na,bull,range,flat,0,flat,0.0
2022-12-23 06:23:00+00:00,2022,4,off,0,normal,premium,0.01449420443609109,-0.000390444247525427,-0.0010584214167434311,none,na,bull,range,flat,0,flat,0.0
2022-12-27 20:09:00+00:00,2022,4,ny_pm,0,high,premium,0.042268356402537496,0.0010688617089091815,0.0003195467306280395,buyside,na,bear,range,flat,0,flat,0.0
2022-12-29 11:39:00+00:00,2022,4,off,0,normal,discount,0.01310024892326684,-0.00015206683413247958,0.0006676984906914363,none,na,range,bear,flat,0,flat,0.0
2023-01-03 03:10:00+00:00,2023,1,asia,0,normal,discount,0.02446948894722803,0.00014029218789744416,0.0016394978169238126,none,na,bull,range,flat,0,flat,0.0
2023-01-04 16:55:00+00:00,2023,1,off,0,high,premium,0.05659957568590893,0.0011991130161019894,0.0066921931747586216,buyside,na,bull,bull,flat,0,flat,0.0
2023-01-06 08:25:00+00:00,2023,1,london,1,normal,premium,0.03259974995508279,0.0006625758752573209,-0.0008930717090823049,none,na,bear,bear,short,7,win,1.024590163934365
2023-01-10 00:55:00+00:00,2023,1,off,0,normal,discount,0.014019478856093469,-0.00010486373540166955,-0.0008212918493874953,none,na,bull,bull,long,6,win,1.6346153846151559
2023-01-11 14:40:00+00:00,2023,1,ny_am,1,normal,premium,0.05961993124951144,0.0007675001116497375,0.0013536036515928952,sellside,na,bull,range,long,5,timeout,-0.6320649132624572
2023-01-13 07:11:00+00:00,2023,1,london,1,low,discount,0.012705419684514748,-1.4645152352055404e-05,0.00031175056438863393,buyside,na,bear,range,short,5,loss,-1.08326394671106
2023-01-17 02:57:00+00:00,2023,1,asia,0,normal,discount,0.012457530092706842,-0.00018656607475487781,-0.0007814189202004038,sellside,na,range,bull,long,4,timeout,0.7243947858471652
2023-01-18 16:42:00+00:00,2023,1,off,0,high,discount,0.0557271351200011,-0.0016505792941385834,-0.007613429724575271,buyside,na,bull,bear,flat,0,flat,0.0
2023-01-20 08:12:00+00:00,2023,1,london,1,normal,premium,0.019031552713706698,-0.0006187954517478946,0.0011034205129228658,buyside,na,range,range,short,5,win,0.2683971099812184
2023-01-24 00:43:00+00:00,2023,1,off,0,low,equilibrium,0.012031995694892267,-6.007611822635297e-05,0.00029721528025699045,buyside,na,bull,range,short,4,timeout,0.10866612333603538
2023-01-25 14:31:00+00:00,2023,1,ny_am,1,high,discount,0.04535286465656441,0.00024127673963667698,-0.00160852116324435,buyside,na,bull,bull,long,4,win,0.2890437289764327
2023-01-27 06:02:00+00:00,2023,1,off,0,low,premium,0.005160543569406333,-2.357236894108977e-06,5.421951596106177e-05,sellside,na,range,bull,long,4,loss,-1.0337154416722902
2023-01-30 20:47:00+00:00,2023,1,ny_pm,0,high,discount,0.044314873287095984,-3.912519618172791e-05,-0.0009180416808691664,none,na,bear,bear,flat,0,flat,0.0
2023-02-01 12:17:00+00:00,2023,1,ny_am,1,normal,discount,0.01677648774918838,0.0004965677625027894,0.0008809656326173388,buyside,na,bear,range,short,5,loss,-1.2457002457002633
2023-02-03 03:47:00+00:00,2023,1,asia,0,low,premium,0.010640066261014857,0.0001606413908549283,0.001009637259524055,none,na,range,range,flat,0,flat,0.0
2023-02-06 18:32:00+00:00,2023,1,ny_pm,0,high,discount,0.043147088995613696,5.460482488228365e-05,0.0009796599433710528,none,na,bull,range,flat,0,flat,0.0
2023-02-08 10:02:00+00:00,2023,1,off,0,normal,equilibrium,0.023046446744928062,0.0005718049408757787,0.0003070915264736995,buyside,na,range,range,short,4,win,-0.01395631067958553
2023-02-10 01:32:00+00:00,2023,1,asia,0,low,discount,0.012237805281757084,-0.00014713739161593126,0.0009363446033230533,buyside,na,range,bull,short,4,win,0.15621317271179627
2023-02-13 16:17:00+00:00,2023,1,off,0,high,premium,0.0375480507330514,3.719349049477295e-05,0.0024963302213610135,sellside,na,bull,bear,flat,0,flat,0.0
2023-02-15 07:49:00+00:00,2023,1,london,1,normal,discount,0.020556150106731584,0.000703949157721427,0.0005011196385575779,none,na,range,bull,flat,0,flat,0.0
2023-02-16 23:19:00+00:00,2023,1,off,0,high,discount,0.03444701616511186,0.00016478546508915437,-0.004442037670421673,none,na,bear,range,flat,0,flat,0.0
2023-02-20 14:04:00+00:00,2023,1,ny_am,1,low,discount,0.013967917176477211,4.678075842273481e-05,0.00032814977134659415,none,na,bear,range,flat,0,flat,0.0
2023-02-22 08:50:00+00:00,2023,1,london,1,normal,discount,0.0382783088253304,-0.000727368209783813,-0.002183445594683697,sellside,na,bear,range,long,5,timeout,0.4120063191151026
2023-02-24 00:20:00+00:00,2023,1,off,0,low,premium,0.015074013685032443,0.000679343106328764,0.00045359855863159393,buyside,na,bear,range,short,4,loss,-1.0555555555555556
2023-02-27 15:10:00+00:00,2023,1,ny_am,1,high,premium,0.05784729839750423,0.0024192029448851875,0.0037456142740808795,none,na,bull,range,flat,0,flat,0.0
2023-03-01 06:40:00+00:00,2023,1,off,0,normal,premium,0.019901756535007264,0.00033591325728487257,0.0007486182239875142,sellside,na,bear,range,long,4,loss,-1.04257130693912
2023-03-02 20:25:00+00:00,2023,1,ny_pm,0,high,premium,0.046168098419556734,0.0011644743371040194,0.0013462030547729666,none,na,bull,range,flat,0,flat,0.0
2023-03-06 12:55:00+00:00,2023,1,ny_am,1,normal,premium,0.01667565972083213,0.00034284755271587797,0.0009145827673415388,none,na,range,range,flat,0,flat,0.0
2023-03-08 04:26:00+00:00,2023,1,asia,0,normal,discount,0.008933382639702999,-6.36168137106868e-05,-1.9481606623728533e-05,sellside,na,bear,range,long,4,timeout,2.0965147453084785
2023-03-09 18:19:00+00:00,2023,1,ny_pm,0,high,discount,0.04505506943072811,-0.0016954319869057664,-0.0028359177187186647,none,na,bull,bear,flat,0,flat,0.0
2023-03-13 10:49:00+00:00,2023,1,off,0,high,discount,0.0728466714677202,0.0005072474906619801,-0.00016614732565511922,sellside,na,bear,bear,flat,0,flat,0.0
2023-03-15 02:19:00+00:00,2023,1,asia,0,low,premium,0.024753615168526453,0.000809460574352954,0.0009820409456602745,buyside,na,range,range,short,4,loss,-1.039246467817897
2023-03-16 16:04:00+00:00,2023,1,off,0,high,premium,0.07511067356148059,-8.67312970821107e-05,0.0045840661309134055,none,na,bear,bear,short,3,win,0.08635482978136921
2023-03-20 09:34:00+00:00,2023,1,off,0,high,equilibrium,0.07386551947245744,0.002355796642531979,0.006718287261635277,buyside,na,range,range,flat,0,flat,0.0
2023-03-22 01:04:00+00:00,2023,1,asia,0,low,premium,0.014014781032594167,-0.0002299064667955607,2.6439874035538944e-05,sellside,na,range,range,long,4,win,0.11899133175714123
2023-03-23 14:49:00+00:00,2023,1,ny_am,1,high,premium,0.061049064258293,0.0037944761993277125,0.0046345116864296015,none,na,range,range,flat,0,flat,0.0
2023-03-27 08:21:00+00:00,2023,1,london,1,normal,premium,0.0388544565414153,0.0005738074991963857,-0.0018173999595926808,none,na,bear,bear,short,7,loss,-1.0504795557799058
2023-03-28 23:52:00+00:00,2023,1,off,0,low,premium,0.008820766522423777,0.0004469102933919844,0.0009547148760675481,buyside,na,bear,bull,short,4,win,0.22982321291329505
2023-03-30 13:37:00+00:00,2023,1,ny_am,1,normal,premium,0.04055011434185806,-0.0015206258233559289,-0.0011871225468488727,sellside,na,range,range,long,5,win,0.08335595981535605
2023-04-03 07:09:00+00:00,2023,2,london,1,normal,premium,0.032966279725160925,0.0010883879754753887,0.001569064843963417,none,na,bull,bull,flat,0,flat,0.0
2023-04-04 22:40:00+00:00,2023,2,off,0,normal,discount,0.010113277511733758,0.00017623138312910394,0.000998966895746323,none,na,range,range,flat,0,flat,0.0
2023-04-06 12:25:00+00:00,2023,2,ny_am,1,normal,premium,0.019295401904345245,-0.0005225528872166744,-0.00019404398409914037,none,na,range,bull,flat,0,flat,0.0
2023-04-10 13:09:00+00:00,2023,2,ny_am,1,high,discount,0.022882044373188692,0.00043413018808798103,-0.002348187748583086,buyside,na,range,bull,flat,0,flat,0.0
2023-04-12 04:41:00+00:00,2023,2,off,0,low,premium,0.005666336104999263,0.0001032409653029047,9.137310337774165e-05,none,na,range,bull,flat,0,flat,0.0
2023-04-13 18:26:00+00:00,2023,2,ny_pm,0,normal,premium,0.025421970870963012,0.0001356496766182501,0.0019089476763809595,sellside,na,range,bull,long,4,win,-1.6005407713106585
2023-04-17 11:57:00+00:00,2023,2,ny_am,1,normal,premium,0.01694510620423696,0.0008248284875765897,0.0009473269130208969,none,na,range,range,flat,0,flat,0.0
2023-04-19 03:33:00+00:00,2023,2,asia,0,low,premium,0.005079865303378914,-7.279455343492046e-05,-5.894377471217755e-05,sellside,na,bear,range,long,4,loss,-1.746268656718363
2023-04-20 17:19:00+00:00,2023,2,ny_pm,0,normal,premium,0.02493039222490846,0.0003137150179692719,0.0015826917235368543,buyside,na,bear,range,short,4,win,0.49484536082463015
2023-04-24 10:51:00+00:00,2023,2,off,0,low,equilibrium,0.01118947604293041,-0.000459776107995151,-8.891504966894214e-07,sellside,na,bear,range,long,4,win,0.6981132075472993
2023-04-26 02:22:00+00:00,2023,2,asia,0,low,premium,0.00753595882914683,3.12598059034861e-05,0.00023821923971734094,none,na,range,bear,flat,0,flat,0.0
2023-04-27 16:08:00+00:00,2023,2,off,0,high,premium,0.03572060598355985,0.001306374434249422,0.00486664030881122,none,na,range,bear,flat,0,flat,0.0
2023-05-01 09:38:00+00:00,2023,2,off,0,low,premium,0.00885500915985203,-1.4656704797549868e-05,0.00033839617805858164,sellside,na,range,bull,long,4,win,0.11677479147342885
2023-05-03 01:10:00+00:00,2023,2,asia,0,normal,premium,0.01025078907730018,-0.00020725867929070573,0.0008931727937609041,sellside,na,bear,bear,short,6,timeout,-0.7571860816943562
2023-05-04 14:55:00+00:00,2023,2,ny_am,1,high,discount,0.09660754412776706,0.002102839317464227,-0.00347658857187423,none,na,bull,range,flat,0,flat,0.0
2023-05-08 08:25:00+00:00,2023,2,london,1,normal,premium,0.015702132707655022,0.0002996581819886013,0.00047805487749511655,none,na,range,bear,flat,0,flat,0.0
2023-05-10 00:01:00+00:00,2023,2,asia,0,low,discount,0.008650945546059365,-0.00021230967316213318,2.9784163105225366e-05,buyside,na,range,bear,short,4,win,-0.01194353963090038
2023-05-11 13:54:00+00:00,2023,2,ny_am,1,high,discount,0.07404514147124774,-0.0016313916379130926,-0.007710309822486864,none,na,range,bear,flat,0,flat,0.0
2023-05-15 07:26:00+00:00,2023,2,london,1,normal,premium,0.023616320090334205,-0.0008273086070625162,0.0004318574756448116,none,na,bear,bear,short,7,loss,-1.0246305418719222
2023-05-16 23:02:00+00:00,2023,2,off,0,low,discount,0.010588278298999543,0.0006359062542697351,0.00013626247180123846,none,na,bear,range,flat,0,flat,0.0
2023-05-18 12:53:00+00:00,2023,2,ny_am,1,high,discount,0.03346625275566999,-0.0016934103234201566,-0.0029632152486620354,none,na,range,range,flat,0,flat,0.0
2023-05-22 06:23:00+00:00,2023,2,london,1,low,equilibrium,0.013383035340051506,0.00012070577234169006,-0.0004182012437071838,none,na,range,bull,flat,0,flat,0.0
2023-05-23 20:14:00+00:00,2023,2,off,0,high,discount,0.03830981845663947,0.00026467229788489023,-0.0013441846573296126,buyside,na,range,bear,flat,0,flat,0.0
2023-05-25 11:48:00+00:00,2023,2,ny_am,1,normal,discount,0.0259028066564933,0.0003824436928151068,-0.0013582142796058694,none,na,bear,range,flat,0,flat,0.0
2023-05-29 05:18:00+00:00,2023,2,off,0,low,premium,0.008439731232640565,6.396813662636331e-05,0.00032143209618701416,none,na,bull,range,flat,0,flat,0.0
2023-05-31 00:06:00+00:00,2023,2,asia,0,low,premium,0.010084326586076857,0.00016725772476178122,0.000181198394061153,buyside,na,bear,range,short,4,timeout,1.2908366533879152
2023-06-01 13:52:00+00:00,2023,2,ny_am,1,high,discount,0.08417751030093784,-0.0023790567384602006,-0.003033881286748445,sellside,na,bull,range,flat,0,flat,0.0
2023-06-05 07:42:00+00:00,2023,2,london,1,normal,premium,0.026089863075901287,-0.00013193498031178447,0.00012042845307136078,none,na,range,range,flat,0,flat,0.0
2023-06-06 23:17:00+00:00,2023,2,off,0,low,premium,0.008463142843457705,0.0005967347911576844,0.0007499807811837436,none,na,bear,range,flat,0,flat,0.0
2023-06-08 13:05:00+00:00,2023,2,ny_am,1,normal,discount,0.02386071348776816,-0.0006105904445271111,-0.0013960660048125662,buyside,na,range,bull,short,5,win,-0.026750142288057596
2023-06-12 06:43:00+00:00,2023,2,london,1,normal,premium,0.010098820491789558,0.0001662687321330957,0.0009777688871815625,none,na,range,bull,flat,0,flat,0.0
2023-06-13 22:14:00+00:00,2023,2,off,0,high,discount,0.027531763309270294,-0.0028467441350580247,-0.002584615528571257,none,na,range,bull,flat,0,flat,0.0
2023-06-15 12:01:00+00:00,2023,2,ny_am,1,normal,discount,0.013542518945157072,5.811710035204106e-05,0.0004562680636852944,none,na,bear,bear,flat,0,flat,0.0
2023-06-19 05:33:00+00:00,2023,2,off,0,low,discount,0.009038165690762445,0.0005556693317566214,0.0005419308396919761,none,na,range,bull,flat,0,flat,0.0
2023-06-21 00:23:00+00:00,2023,2,asia,0,low,discount,0.009371142343522968,0.0002380470863594494,0.0006756917471345366,sellside,na,range,bear,long,4,timeout,-0.11132686084137632
2023-06-22 14:12:00+00:00,2023,2,ny_am,1,high,equilibrium,0.05301087553371239,0.00163627518905612,0.003365322850970305,none,na,range,bear,flat,0,flat,0.0
2023-06-26 07:46:00+00:00,2023,2,london,1,high,discount,0.031075143970711528,-0.0007198795449079877,-0.003705894788829833,none,na,range,bear,flat,0,flat,0.0
2023-06-27 23:18:00+00:00,2023,2,off,0,low,discount,0.0060946223870856015,-0.00014768510234642554,-0.00038135700615306057,buyside,na,bull,range,short,4,timeout,-0.1017514595497082
2023-06-29 14:06:00+00:00,2023,2,ny_am,1,high,premium,0.0549172765870338,0.0016475541358142564,0.003848807147144062,none,na,range,range,flat,0,flat,0.0
2023-07-03 07:44:00+00:00,2023,3,london,1,normal,discount,0.014326042745188637,-0.00016018587375731048,-5.727743211028564e-05,none,na,bull,bull,long,7,loss,-1.0798084596967352
2023-07-06 03:29:00+00:00,2023,3,asia,0,normal,discount,0.010439450605731909,-0.00042389591922707107,-0.001154491195689962,none,na,range,bear,flat,0,flat,0.0
2023-07-07 17:21:00+00:00,2023,3,ny_pm,0,normal,premium,0.01987605604877598,5.9941010993324605e-05,0.003302433389037113,buyside,na,range,range,short,4,win,0.8251121076234106
2023-07-11 10:56:00+00:00,2023,3,off,0,normal,premium,0.01631833689508796,-2.9154896726816932e-05,-0.00039653755301890083,buyside,na,range,range,short,4,loss,-1.1071811361200228
2023-07-13 02:31:00+00:00,2023,3,asia,0,normal,premium,0.007192004348550492,-5.8454854966584386e-05,8.609521549106345e-05,buyside,na,bear,range,short,4,loss,-1.1369863013698085
2023-07-14 16:21:00+00:00,2023,3,off,0,high,equilibrium,0.026779214629264612,8.893807360711125e-05,0.0006835200645605208,sellside,na,bull,range,flat,0,flat,0.0
2023-07-18 09:59:00+00:00,2023,3,off,0,normal,premium,0.008581413931312658,-0.0001305827747451989,0.0009390616382475774,none,na,range,bull,flat,0,flat,0.0
2023-07-20 01:37:00+00:00,2023,3,asia,0,low,equilibrium,0.010193267842911474,0.00020533131348172225,0.00025582150788672225,sellside,na,bear,bull,long,4,loss,-1.0541125541125447
2023-07-21 15:33:00+00:00,2023,3,off,0,high,premium,0.02771242356284168,5.63524343543119e-05,0.001119742736980085,buyside,na,range,range,flat,0,flat,0.0
2023-07-25 09:17:00+00:00,2023,3,off,0,normal,discount,0.00948292818644039,-0.000353017195608805,-0.0001550758529948131,none,na,range,bull,flat,0,flat,0.0
2023-07-27 00:55:00+00:00,2023,3,asia,0,low,discount,0.00705582165197007,0.00016904965636431102,0.000719702308798208,none,na,bull,range,flat,0,flat,0.0
2023-07-28 14:44:00+00:00,2023,3,ny_am,1,high,premium,0.03597743618629838,0.0001421301359317074,0.0010011281390391474,none,na,bull,bull,flat,0,flat,0.0
2023-08-01 08:18:00+00:00,2023,3,london,1,normal,discount,0.01444254997936451,-0.0004931205320631071,-0.0010422741673627967,sellside,na,bull,bull,long,10,timeout,-0.30062682824906584
2023-08-02 23:48:00+00:00,2023,3,off,0,low,discount,0.007506597251616617,1.5282518581727745e-05,0.00045386335966473673,none,na,range,bull,flat,0,flat,0.0
2023-08-04 13:33:00+00:00,2023,3,ny_am,1,high,premium,0.058400775814712265,0.0009674270293729956,0.0034202762404110672,none,na,bull,range,flat,0,flat,0.0
2023-08-08 07:19:00+00:00,2023,3,london,1,normal,premium,0.024889208243510985,-0.0005752566192654623,-0.00030946636411493297,none,na,bear,range,flat,0,flat,0.0
2023-08-09 22:54:00+00:00,2023,3,off,0,normal,discount,0.0068291389955754825,8.526360665056132e-05,0.0006813779076579121,sellside,na,range,range,long,4,loss,-1.3846153846156
2023-08-11 12:45:00+00:00,2023,3,ny_am,1,high,discount,0.046019585000092324,-0.0015499613788969517,-0.0015349170166830315,buyside,na,bear,range,flat,0,flat,0.0
2023-08-15 06:16:00+00:00,2023,3,london,1,normal,premium,0.01718407017963492,-0.00044371263165192355,-0.0003978588679908703,none,na,range,range,flat,0,flat,0.0
2023-08-16 20:02:00+00:00,2023,3,off,0,high,discount,0.04772111858394235,-0.0007037870005453836,-0.0031971219309435087,sellside,na,range,bear,flat,0,flat,0.0
2023-08-18 11:33:00+00:00,2023,3,ny_am,1,normal,discount,0.02568663459036478,-0.001539622606404293,-0.0019165366453720535,none,na,bear,bear,flat,0,flat,0.0
2023-08-22 05:07:00+00:00,2023,3,off,0,low,premium,0.010213980904632759,-8.798412685042773e-05,-0.00017392066836632638,buyside,na,range,range,short,4,win,0.5555555555555556
2023-08-23 18:57:00+00:00,2023,3,ny_pm,0,normal,premium,0.025495267264430757,-0.00018846008653477256,-0.002433469990873342,buyside,na,range,range,short,4,loss,-1.115074798619168
2023-08-25 10:27:00+00:00,2023,3,off,0,normal,premium,0.014733571384902116,0.0004727785187695768,0.0005275162789826407,none,na,bull,range,flat,0,flat,0.0
2023-08-29 03:59:00+00:00,2023,3,asia,0,low,discount,0.0058228641739035015,-2.978944071333956e-05,0.0001015288039531451,sellside,na,range,range,long,4,timeout,-0.15727124183028257
2023-08-30 17:47:00+00:00,2023,3,ny_pm,0,normal,discount,0.024349303097027243,-0.00041475698477409925,-0.00048518565511669886,sellside,na,bull,bull,long,8,loss,-1.0254906958960006
2023-09-01 09:27:00+00:00,2023,3,off,0,normal,premium,0.012195128894939768,0.0005030777279482733,0.001148377296072514,none,na,bull,range,flat,0,flat,0.0
2023-09-05 06:19:00+00:00,2023,3,london,1,normal,discount,0.01213237807201831,5.9523877989269286e-05,-0.0003443517262571411,none,na,range,range,flat,0,flat,0.0
2023-09-06 20:07:00+00:00,2023,3,off,0,high,premium,0.028728147165468905,-0.0005487583398928283,0.0001417878812618709,none,na,bear,range,flat,0,flat,0.0
2023-09-08 11:47:00+00:00,2023,3,ny_am,1,normal,discount,0.021693346266943123,-0.0003338842908021846,-0.0010404024901189495,sellside,na,range,range,long,5,win,1.415196743554489
2023-09-12 05:21:00+00:00,2023,3,off,0,low,discount,0.007350271218709969,0.0002165781632034856,-0.00017232918627143042,buyside,na,bear,bull,short,4,loss,-1.1287001287000613
2023-09-13 19:09:00+00:00,2023,3,ny_pm,0,high,discount,0.0409065815286289,-0.001026887789065532,-0.004039760476830243,sellside,na,range,range,flat,0,flat,0.0
2023-09-15 10:53:00+00:00,2023,3,off,0,normal,premium,0.011511621163411855,0.00018626410764934338,0.0002591316774619069,none,na,bull,range,flat,0,flat,0.0
2023-09-19 04:37:00+00:00,2023,3,off,0,low,discount,0.004748908777480285,-0.00013139841703902215,-0.00037677550041136115,none,na,range,bear,flat,0,flat,0.0
2023-09-20 18:30:00+00:00,2023,3,ny_pm,0,high,equilibrium,0.05708888032773813,0.0006065944700873871,-0.0028045313307900007,buyside,na,range,bear,flat,0,flat,0.0
2023-09-22 10:01:00+00:00,2023,3,off,0,normal,premium,0.015484507862227333,4.661928114838781e-05,0.0008671258080703711,buyside,na,range,range,short,4,win,0.508408796895232
2023-09-26 04:32:00+00:00,2023,3,off,0,low,discount,0.007488541148926051,0.00011705203419927753,0.0004910945243403392,sellside,na,bull,bear,long,4,win,0.275312365359744
2023-09-27 18:17:00+00:00,2023,3,ny_pm,0,high,discount,0.03673417726122609,-0.0004196562054153334,-0.000779722426002751,none,na,bull,bear,flat,0,flat,0.0
2023-09-29 09:49:00+00:00,2023,3,off,0,low,premium,0.01454516159940774,-2.2186349360456292e-05,-0.000365505506535646,sellside,na,range,bull,long,4,win,1.2749691738593592
2023-10-03 03:21:00+00:00,2023,4,asia,0,low,discount,0.009503925165960608,-0.0002541316599556142,-0.00018080892836885718,sellside,na,range,bear,long,4,loss,-1.1757469244287506
2023-10-04 17:06:00+00:00,2023,4,ny_pm,0,normal,premium,0.03947905822895227,-0.0016006528247445224,-0.0009063577414255727,none,na,bull,bear,flat,0,flat,0.0
2023-10-06 08:36:00+00:00,2023,4,london,1,normal,premium,0.02410886411020064,-0.0004951058141595282,0.0006176835086355504,buyside,na,bear,bull,short,5,loss,-1.0902527075812132
2023-10-10 02:12:00+00:00,2023,4,asia,0,low,premium,0.009757418970028403,0.00010401961512742402,0.00016406364242676277,sellside,na,bull,bull,long,7,timeout,-0.2851323828920655
2023-10-11 15:58:00+00:00,2023,4,off,0,high,discount,0.03547041781835766,0.00017980872624203534,-0.002956358003566474,sellside,na,range,range,flat,0,flat,0.0
2023-10-13 07:30:00+00:00,2023,4,london,1,high,premium,0.0287103870712745,0.0001483501681104105,0.001755425041983684,none,na,bear,range,flat,0,flat,0.0
2023-10-17 01:01:00+00:00,2023,4,asia,0,low,equilibrium,0.014365683588169276,-9.591829409025726e-05,-0.0004114949148463766,buyside,na,bull,bull,flat,0,flat,0.0
2023-10-18 14:46:00+00:00,2023,4,ny_am,1,high,discount,0.058724063377003706,-0.0006963652568666914,-0.0023009788890199574,sellside,na,bear,range,flat,0,flat,0.0
2023-10-20 06:16:00+00:00,2023,4,london,1,normal,discount,0.02055680180463979,-0.000602655158979909,-0.0015565458155592897,none,na,bear,range,flat,0,flat,0.0
2023-10-23 23:46:00+00:00,2023,4,off,0,low,discount,0.008976629566173896,-3.0294758921995136e-07,0.00036245675369666876,none,na,bull,range,flat,0,flat,0.0
2023-10-25 13:31:00+00:00,2023,4,ny_am,1,normal,premium,0.03884918032302292,0.00013458366678171504,-0.0009341614667717826,sellside,na,range,bull,long,5,loss,-1.1097694840834178
2023-10-27 05:01:00+00:00,2023,4,off,0,low,premium,0.01001992089995017,5.59371849732203e-05,0.0004482812943832836,buyside,na,bull,bear,short,4,loss,-1.2032520325200968
2023-10-30 22:31:00+00:00,2023,4,off,0,normal,premium,0.00887567021639268,3.369980095867075e-05,-0.0007283924400085562,none,na,bull,bear,flat,0,flat,0.0
2023-11-01 12:21:00+00:00,2023,4,ny_am,1,normal,discount,0.024623720762894222,-2.549469573739333e-05,0.0002322436803914522,none,na,range,bull,flat,0,flat,0.0
2023-11-03 03:55:00+00:00,2023,4,asia,0,low,premium,0.006397612059241144,-0.00011771314339519999,-1.681786021347792e-05,sellside,na,bull,bull,long,7,loss,-1.0903342366757025
2023-11-06 19:42:00+00:00,2023,4,ny_pm,0,high,discount,0.03318783043373556,0.0018932019991838077,0.0003702545536759166,none,na,bear,range,flat,0,flat,0.0
2023-11-08 11:12:00+00:00,2023,4,off,0,normal,premium,0.011821067353229697,0.00019115359879578604,0.0003803299999560223,none,na,bear,range,flat,0,flat,0.0
2023-11-10 02:43:00+00:00,2023,4,asia,0,normal,discount,0.010644122834322518,-0.00025116065998666,0.0005012242971353797,none,na,bull,bear,flat,0,flat,0.0
2023-11-13 17:29:00+00:00,2023,4,off,0,high,premium,0.028515548568268774,0.0004224553032396037,0.001701011721803143,none,na,range,bull,flat,0,flat,0.0
2023-11-15 09:02:00+00:00,2023,4,london,1,normal,premium,0.01827982067943613,-2.8335714678185358e-05,0.0012598410754617614,buyside,na,range,bull,short,5,win,2.824451410659005
2023-11-17 00:34:00+00:00,2023,4,off,0,low,premium,0.008844367538789153,0.0002731186344412296,0.00014411941322812826,none,na,bear,bear,short,6,win,0.38517618469040826
2023-11-20 15:22:00+00:00,2023,4,ny_am,1,high,premium,0.027942407491742108,-0.0005855235511218882,0.0019020357162583736,none,na,bear,bull,flat,0,flat,0.0
2023-11-22 06:53:00+00:00,2023,4,off,0,low,premium,0.007930131850934578,-5.697570669817803e-05,-0.0003278063829115198,sellside,na,bull,bull,long,7,win,-0.031141868512167353
2023-11-24 02:47:00+00:00,2023,4,asia,0,low,equilibrium,0.00600911981803881,-0.00016872639316757552,-0.00035465579848074956,sellside,na,bull,range,long,4,win,0.0
2023-11-27 23:24:00+00:00,2023,4,off,0,high,premium,0.008742746287600354,8.285137678912434e-05,0.00012498925431745272,buyside,na,bear,range,flat,0,flat,0.0
2023-11-29 13:17:00+00:00,2023,4,ny_am,1,normal,premium,0.014757840715364269,0.0001534992477129842,0.00037805915921574224,buyside,na,range,bull,short,5,loss,-1.1042752867570766
2023-12-01 04:54:00+00:00,2023,4,asia,0,low,premium,0.004463612982467863,9.731153258434965e-05,0.00031786174432403466,buyside,na,bull,bull,flat,0,flat,0.0
2023-12-04 19:39:00+00:00,2023,4,ny_pm,0,high,premium,0.024968578629785698,0.00019276220776616435,-0.0003176051082178722,none,na,bear,range,flat,0,flat,0.0
2023-12-06 11:12:00+00:00,2023,4,off,0,low,equilibrium,0.01111775299375607,-0.00042773006033268446,9.675973755441698e-05,none,na,bull,range,flat,0,flat,0.0
2023-12-08 02:45:00+00:00,2023,4,asia,0,low,equilibrium,0.007146809085372554,0.00019211359837634467,0.0006472244539511743,none,na,bull,bear,flat,0,flat,0.0
2023-12-11 17:30:00+00:00,2023,4,off,0,high,premium,0.021820315808115227,-0.00031801089827486413,-0.0013488461644250316,sellside,na,bear,bull,flat,0,flat,0.0
2023-12-13 09:05:00+00:00,2023,4,london,1,normal,premium,0.011146570591258637,-0.00015202338485387765,0.000317296394426051,sellside,na,range,bull,long,5,win,-0.022103148024229056
2023-12-15 00:35:00+00:00,2023,4,off,0,low,premium,0.00884207429524882,-0.00010331579290573507,0.00041777442221737455,sellside,na,bear,bull,long,4,win,0.0575062206247719
2023-12-18 15:24:00+00:00,2023,4,ny_am,1,high,discount,0.03458914041653815,0.00012165886960154505,-0.0003484664929780931,none,na,bull,bull,long,4,win,0.057692307692159696
2023-12-20 08:03:00+00:00,2023,4,london,1,normal,premium,0.01216336961918787,-0.000371031045769962,-2.183297983430656e-05,none,na,bull,range,flat,0,flat,0.0
2023-12-21 23:33:00+00:00,2023,4,off,0,high,premium,0.013182030656109275,0.0001585729293508917,-0.0009800529918906134,buyside,na,range,range,flat,0,flat,0.0
2023-12-26 14:40:00+00:00,2023,4,ny_am,1,high,premium,0.03509449259217591,0.0006564336108983197,9.780878916202434e-05,buyside,na,range,bull,flat,0,flat,0.0
2023-12-28 06:22:00+00:00,2023,4,off,0,low,premium,0.00512702360322624,-5.3051805087668106e-05,-0.00010530233041752411,none,na,bull,bull,flat,0,flat,0.0
2023-12-29 20:10:00+00:00,2023,4,ny_pm,0,high,premium,0.02477136925031377,0.000225816295392181,0.0010492769788472038,sellside,na,bear,bull,flat,0,flat,0.0
2024-01-03 11:54:00+00:00,2024,1,off,0,normal,discount,0.014067554223902469,-0.0001321196051936872,-0.0014458309837915902,sellside,na,range,range,long,4,loss,-1.0984251968504304
2024-01-05 03:26:00+00:00,2024,1,asia,0,low,discount,0.004477079437502906,0.00011870135911714703,-0.0001733333795555679,none,na,range,bear,flat,0,flat,0.0
2024-01-08 18:15:00+00:00,2024,1,ny_pm,0,normal,premium,0.025144774848262583,-1.2814868664840872e-05,0.0010281274503882714,sellside,na,range,bear,long,4,win,0.9694868238555907
2024-01-10 09:46:00+00:00,2024,1,london,1,normal,premium,0.014374729514130463,-0.0007322872366062668,0.00076084991175418,none,na,range,range,flat,0,flat,0.0
2024-01-12 01:16:00+00:00,2024,1,asia,0,normal,premium,0.013001466372964239,-0.00023964001452167632,-0.0010998576919906125,sellside,na,bear,range,long,4,timeout,0.946163117718098
2024-01-15 16:02:00+00:00,2024,1,off,0,low,equilibrium,0.010860217551579824,-0.00019799629874667088,4.046050442528246e-05,sellside,na,range,range,long,4,win,0.11366245694623421
2024-01-17 10:48:00+00:00,2024,1,off,0,low,discount,0.017226868031147844,9.407828280791957e-05,-0.0003084525676258933,sellside,na,bear,bear,flat,0,flat,0.0
2024-01-19 02:19:00+00:00,2024,1,asia,0,normal,premium,0.008641274943580123,-0.00017703926266210925,-1.6558365165775767e-05,buyside,na,range,bear,short,4,timeout,-0.5610877058595883
2024-01-22 17:05:00+00:00,2024,1,off,0,high,equilibrium,0.024403312208305702,0.00023643076949008893,-0.0003031417803579073,sellside,na,bull,bull,long,3,loss,-1.0326797385620932
2024-01-24 08:35:00+00:00,2024,1,london,1,normal,premium,0.014839738426997706,-2.5807430222394885e-05,0.000330347386356834,buyside,na,range,bear,short,5,win,0.00654664484465946
2024-01-26 00:05:00+00:00,2024,1,off,0,low,premium,0.010038867080053472,0.00010848668707713807,-0.00036557422525371533,sellside,na,bull,range,long,4,loss,-1.2680965147456011
2024-01-29 14:50:00+00:00,2024,1,ny_am,1,high,premium,0.033395726733461445,-0.0007864960643747956,0.0010223791819024268,sellside,na,range,bull,flat,0,flat,0.0
2024-01-31 06:23:00+00:00,2024,1,off,0,low,premium,0.00553401894059448,4.911435641221492e-05,-0.00036365988345739763,none,na,range,bull,flat,0,flat,0.0
2024-02-01 20:08:00+00:00,2024,1,ny_pm,0,high,premium,0.032325931457692574,0.0008310379000100684,0.0009578307345042448,buyside,na,range,range,flat,0,flat,0.0
2024-02-05 12:42:00+00:00,2024,1,ny_am,1,high,premium,0.017410943089573264,4.8156374622434146e-05,-0.00019464946917909626,sellside,na,bear,bull,flat,0,flat,0.0
2024-02-07 04:13:00+00:00,2024,1,asia,0,low,premium,0.005825432177250119,-0.00017932206398388274,-0.0008019081887741219,none,na,bull,range,flat,0,flat,0.0
2024-02-08 18:02:00+00:00,2024,1,ny_pm,0,high,equilibrium,0.028007289363860897,0.001528296939882805,0.0021771406454115867,none,na,range,bull,flat,0,flat,0.0
2024-02-12 10:57:00+00:00,2024,1,off,0,normal,discount,0.008320363688978191,-0.0001686975051915053,0.0004784582459742244,none,na,range,bull,flat,0,flat,0.0
2024-02-14 02:36:00+00:00,2024,1,asia,0,normal,premium,0.007515079401055465,-0.0004048193627533058,0.00011635799983466939,none,na,bear,bear,short,6,win,0.06870229007617785
2024-02-15 16:24:00+00:00,2024,1,off,0,high,premium,0.030354716264700436,1.3227177024620737e-05,-0.00258656280750854,none,na,bull,range,flat,0,flat,0.0
2024-02-19 08:56:00+00:00,2024,1,london,1,high,premium,0.015939966460635276,6.88434125523337e-05,0.0004810668602672108,sellside,na,range,bull,flat,0,flat,0.0
2024-02-21 03:43:00+00:00,2024,1,asia,0,low,discount,0.005815770688717477,0.00011628501561160602,3.6076609068658144e-05,buyside,na,range,bear,short,4,loss,-1.6289308176114443
2024-02-22 17:28:00+00:00,2024,1,off,0,normal,premium,0.025050299870326156,0.0011189103305261116,0.0008769107847425378,none,na,bull,range,flat,0,flat,0.0
2024-02-26 10:03:00+00:00,2024,1,off,0,normal,discount,0.010952842217999685,3.634145923238786e-05,-0.00026147824242617944,sellside,na,bear,range,long,4,loss,-1.2531645569622119
2024-02-28 01:33:00+00:00,2024,1,asia,0,low,discount,0.008079317317856152,-0.0001643870379793508,4.059137001787167e-05,sellside,na,bear,bear,flat,0,flat,0.0
2024-02-29 15:20:00+00:00,2024,1,ny_am,1,high,equilibrium,0.05170350535999192,-0.002642770812172961,-0.004074390416984574,none,na,range,bear,flat,0,flat,0.0
2024-03-04 08:01:00+00:00,2024,1,london,1,low,discount,0.008080836304691589,-6.660581627601617e-05,5.17537209515408e-05,sellside,na,range,bull,long,5,loss,-1.366300366300913
2024-03-05 23:32:00+00:00,2024,1,off,0,high,discount,0.012997964271853808,-0.00010366728193198493,0.0013886192400852585,sellside,na,bear,range,flat,0,flat,0.0
2024-03-07 13:17:00+00:00,2024,1,ny_am,1,normal,premium,0.02005504131439748,0.0005582819486597767,0.0004161334768145869,none,na,bear,range,flat,0,flat,0.0
2024-03-11 05:48:00+00:00,2024,1,off,0,normal,discount,0.008824019802688817,0.0002720596545102053,0.0007500739983318096,sellside,na,range,bull,long,4,loss,-1.2267573696143328
2024-03-12 19:33:00+00:00,2024,1,ny_pm,0,high,premium,0.030818980049630774,-0.00017981783070545901,-0.0007680001966080504,none,na,bull,range,flat,0,flat,0.0
2024-03-14 11:05:00+00:00,2024,1,ny_am,1,normal,premium,0.013527783980124561,0.0005614926358669945,0.0004082261005828765,none,na,range,bull,flat,0,flat,0.0
2024-03-18 04:35:00+00:00,2024,1,off,0,low,premium,0.005084618451500183,0.000222236389827938,0.00035211358502741316,none,na,range,bear,flat,0,flat,0.0
2024-03-19 18:20:00+00:00,2024,1,ny_pm,0,normal,premium,0.023623319666935323,-0.0003200470666496155,-0.0008065154358450199,sellside,na,range,range,long,4,win,0.14720581553847506
2024-03-21 09:54:00+00:00,2024,1,off,0,high,premium,0.013913568795506898,0.00017772149930302052,-0.0008060216576707771,none,na,bull,range,flat,0,flat,0.0
2024-03-25 03:26:00+00:00,2024,1,asia,0,low,discount,0.005238327788786006,3.3998546181666e-05,-5.074234785553597e-07,sellside,na,bear,range,long,4,loss,-1.119189511323012
2024-03-26 17:15:00+00:00,2024,1,ny_pm,0,normal,premium,0.01763654967285568,-7.993597001922663e-05,0.0001421399525201425,sellside,na,range,range,long,4,win,-0.01477832512258771
2024-03-28 08:46:00+00:00,2024,1,london,1,normal,premium,0.011443951653268229,0.0005465645037922019,0.000870811218141873,none,na,range,range,flat,0,flat,0.0
2024-04-02 02:17:00+00:00,2024,2,asia,0,normal,discount,0.00734026855993164,9.00284718211044e-05,0.00024450944405044145,none,na,bear,range,flat,0,flat,0.0
2024-04-03 16:05:00+00:00,2024,2,off,0,normal,discount,0.024906404244586594,-0.0008034480974314404,-0.0015674615960447416,none,na,bull,range,flat,0,flat,0.0
2024-04-05 08:04:00+00:00,2024,2,london,1,normal,discount,0.020033989877116794,0.0010357763520428569,0.0004941920787477883,none,na,bear,range,flat,0,flat,0.0
2024-04-09 01:34:00+00:00,2024,2,asia,0,low,discount,0.007252028708380512,0.0001897339046259949,-1.542235665943902e-05,sellside,na,range,range,long,4,loss,-1.252525252525308
2024-04-10 15:20:00+00:00,2024,2,off,0,high,discount,0.05649083321771503,-0.0004456909692192248,-0.001402556606888451,none,na,range,bear,flat,0,flat,0.0
2024-04-12 06:53:00+00:00,2024,2,london,1,low,premium,0.014272369930900771,0.0002820485450736321,0.0004119586451703714,none,na,range,bear,flat,0,flat,0.0
2024-04-16 00:24:00+00:00,2024,2,asia,0,low,discount,0.01865513133397419,-0.00021052915908290558,0.0005573369312439913,none,na,range,bear,flat,0,flat,0.0
2024-04-17 14:10:00+00:00,2024,2,ny_am,1,high,discount,0.06965634603977945,-0.0027508242209374973,0.0007917599916122015,none,na,bull,range,flat,0,flat,0.0
2024-04-19 05:43:00+00:00,2024,2,off,0,normal,discount,0.02151227972831336,0.00017622263450440734,-0.0002275845233994625,none,na,bear,range,flat,0,flat,0.0
2024-04-22 23:14:00+00:00,2024,2,off,0,normal,equilibrium,0.019578995420643865,-0.0010738137872569162,-0.0010607610405128601,none,na,range,range,flat,0,flat,0.0
2024-04-24 13:00:00+00:00,2024,2,ny_am,1,high,discount,0.0300467283295406,-0.0007544509224734551,-0.001882958459874548,sellside,na,range,range,flat,0,flat,0.0
2024-04-26 04:32:00+00:00,2024,2,off,0,low,equilibrium,0.007104088525626192,0.0003397825601357223,0.0001562293572786924,none,na,bull,bear,flat,0,flat,0.0
2024-04-29 22:03:00+00:00,2024,2,off,0,high,premium,0.02267896721861095,-0.0006117909222103015,0.001944512841696527,sellside,na,range,range,flat,0,flat,0.0
2024-05-01 11:52:00+00:00,2024,2,ny_am,1,normal,discount,0.017005274487896207,-0.00024898307630249154,0.00042726830567695235,buyside,na,bear,bear,short,8,loss,-1.0172028212626858
2024-05-03 03:24:00+00:00,2024,2,asia,0,low,premium,0.006809149577079451,-9.046597777352834e-05,0.00010504425639310257,sellside,na,bear,range,long,4,win,0.5437158469949945
2024-05-06 19:14:00+00:00,2024,2,ny_pm,0,high,discount,0.027027931848336295,-0.0006445340547302225,-0.0015822629941062518,sellside,na,range,range,flat,0,flat,0.0
2024-05-08 11:51:00+00:00,2024,2,ny_am,1,normal,discount,0.012898237117572214,0.00020508428912822103,-0.0008641860431641295,none,na,bull,bull,long,7,win,0.19256017505493975
2024-05-10 03:29:00+00:00,2024,2,asia,0,low,premium,0.0033558220042457106,-6.414695077593307e-05,3.600703303583232e-05,none,na,bull,bull,flat,0,flat,0.0
2024-05-13 19:16:00+00:00,2024,2,ny_pm,0,normal,discount,0.016464891946457234,0.00020354631933499503,0.00044395426079465625,buyside,na,range,range,short,4,loss,-1.1757469244289753
2024-05-15 10:53:00+00:00,2024,2,off,0,normal,equilibrium,0.00798791299837099,-7.55419439697377e-05,-0.0001263179062958613,none,na,range,bear,flat,0,flat,0.0
2024-05-17 02:28:00+00:00,2024,2,asia,0,low,discount,0.005525630976697166,-7.548659385666429e-05,-0.00029711557193991755,none,na,range,bull,flat,0,flat,0.0
2024-05-20 18:21:00+00:00,2024,2,ny_pm,0,high,discount,0.0334489012842953,-0.0006033693347885174,-0.0031168668668669396,none,na,range,range,flat,0,flat,0.0
2024-05-22 11:21:00+00:00,2024,2,ny_am,1,normal,discount,0.010243323296708191,-0.0004277101992316496,-0.000515265331528092,none,na,bear,bear,flat,0,flat,0.0
2024-05-24 02:52:00+00:00,2024,2,asia,0,low,discount,0.005871485130355882,0.00020172842138687952,0.000243413765559734,none,na,range,bear,flat,0,flat,0.0
2024-05-28 00:43:00+00:00,2024,2,asia,0,normal,premium,0.008192391542522421,-7.3412799918213e-05,-0.00048171860014220884,buyside,na,bull,bear,short,4,win,0.716621253404201
2024-05-29 14:45:00+00:00,2024,2,ny_am,1,high,equilibrium,0.03923879382561431,-0.0003466585848857008,0.0009085233624561662,buyside,na,bear,range,flat,0,flat,0.0
2024-05-31 07:17:00+00:00,2024,2,london,1,normal,equilibrium,0.01633926603850492,-3.9350310631352124e-05,9.209183051015561e-05,buyside,na,bull,range,short,5,loss,-1.2057613168724033
2024-06-04 00:48:00+00:00,2024,2,asia,0,low,premium,0.009419059886210194,-9.070532199223097e-05,0.0006870436891314814,sellside,na,bear,bull,long,4,win,0.2265978050356681
2024-06-05 14:34:00+00:00,2024,2,ny_am,1,high,discount,0.046385017823146114,0.0016299326790611883,-0.0035255538811015726,buyside,na,bull,range,flat,0,flat,0.0
2024-06-07 06:15:00+00:00,2024,2,london,1,normal,premium,0.009953058853693382,5.13128258204087e-05,0.0001785913606429065,none,na,bear,bull,flat,0,flat,0.0
2024-06-10 23:53:00+00:00,2024,2,off,0,low,premium,0.006360527604991448,0.00018160419096094465,-0.0005392717231907784,none,na,range,bull,flat,0,flat,0.0
2024-06-12 14:00:00+00:00,2024,2,ny_am,1,high,premium,0.06736331295695304,-0.0007672215108834603,-0.0018941481947781786,sellside,na,bull,range,flat,0,flat,0.0
2024-06-14 05:38:00+00:00,2024,2,off,0,low,discount,0.005335675048138684,0.00020962597291680424,0.00022205101117324835,buyside,na,range,bear,short,4,timeout,-0.027769571639656387
2024-06-17 23:10:00+00:00,2024,2,off,0,low,premium,0.006120113633316613,-6.771453406214548e-05,-8.985493962721176e-05,sellside,na,range,range,long,4,win,0.129632004103101
2024-06-19 13:08:00+00:00,2024,2,ny_am,1,low,discount,0.007741586022585004,-0.00010151755867264124,-0.00028517587777881505,none,na,range,bull,flat,0,flat,0.0
2024-06-21 08:06:00+00:00,2024,2,london,1,high,discount,0.023631911195383784,0.000510404025485449,-0.0005505188633894686,none,na,range,bull,flat,0,flat,0.0
2024-06-25 01:40:00+00:00,2024,2,asia,0,low,premium,0.00769101973766251,0.0003412690645426108,0.00027862646028546764,none,na,range,bull,flat,0,flat,0.0
2024-06-26 15:30:00+00:00,2024,2,off,0,high,premium,0.035381051528916574,0.001462303512579191,0.0020017467831359983,none,na,bear,bear,short,3,loss,-1.042535091450443
2024-06-28 07:12:00+00:00,2024,2,london,1,normal,premium,0.012767510894643862,0.00020582791409094097,0.0007293235001403972,none,na,range,bull,flat,0,flat,0.0
2024-07-02 00:43:00+00:00,2024,3,asia,0,normal,discount,0.01050368915170123,-0.00011503952630302077,-0.00029342625505548645,none,na,bull,range,flat,0,flat,0.0
2024-07-03 14:32:00+00:00,2024,3,ny_am,1,high,discount,0.047202696856387526,-0.0005433484898518916,-0.001060491964685054,sellside,na,range,bear,flat,0,flat,0.0
2024-07-05 12:37:00+00:00,2024,3,ny_am,1,high,discount,0.04435406151792141,0.0014744125391516541,0.0015019510851271441,none,na,range,bull,flat,0,flat,0.0
2024-07-09 06:18:00+00:00,2024,3,london,1,low,discount,0.007422544078784604,-0.00032365614162278904,-0.0005804011696338611,none,na,range,bull,flat,0,flat,0.0
2024-07-10 22:02:00+00:00,2024,3,off,0,high,premium,0.027403666040535114,-0.0002767789976368756,0.0037171826077018843,none,na,bull,bull,flat,0,flat,0.0
2024-07-12 12:11:00+00:00,2024,3,ny_am,1,high,discount,0.017802388239133177,0.0006639260242668613,9.870384025751131e-05,none,na,bull,bull,long,4,loss,-1.029316915860451
2024-07-16 05:42:00+00:00,2024,3,off,0,low,equilibrium,0.006243572771815005,-7.94498889687079e-06,-3.6247985878160264e-05,sellside,na,range,bull,long,4,win,-0.06130268199226774
2024-07-17 19:27:00+00:00,2024,3,ny_pm,0,normal,premium,0.03219467747394073,0.0006563489804857914,0.00019950889744153297,none,na,bear,range,flat,0,flat,0.0
2024-07-19 15:30:00+00:00,2024,3,off,0,high,discount,0.05567739919673789,-0.0016592956048150733,-0.0035449536993222377,sellside,na,bear,range,flat,0,flat,0.0
2024-07-23 09:01:00+00:00,2024,3,off,0,normal,discount,0.012104240436953823,-0.00019848016658467106,0.0015613820487177777,sellside,na,range,range,long,4,win,0.09159347553318153
2024-07-25 00:31:00+00:00,2024,3,asia,0,normal,discount,0.014511425344685157,0.00019398695506561264,7.283014957951767e-05,none,na,bear,range,flat,0,flat,0.0
2024-07-26 14:17:00+00:00,2024,3,ny_am,1,high,premium,0.07487191412830133,-0.001922877782982765,0.007089253794838028,sellside,na,range,range,flat,0,flat,0.0
2024-07-30 07:50:00+00:00,2024,3,london,1,normal,premium,0.017648330427888912,6.131941653461968e-05,0.0014443554480584359,none,na,bear,range,flat,0,flat,0.0
2024-07-31 23:20:00+00:00,2024,3,off,0,normal,discount,0.01379936330410115,0.0005754379892231483,0.0009657140928720382,none,na,bull,bull,long,6,win,0.03516452478460371
2024-08-02 13:05:00+00:00,2024,3,ny_am,1,high,discount,0.0746534472243493,-0.001280010420437228,-0.003925294490772301,none,na,bear,range,flat,0,flat,0.0
2024-08-06 06:35:00+00:00,2024,3,london,1,normal,premium,0.041112438862684106,0.0012171049345766859,-0.0010086771277414363,none,na,bull,range,flat,0,flat,0.0
2024-08-07 22:05:00+00:00,2024,3,off,0,high,discount,0.06386428265135426,-0.0023577511617305686,-0.00556894609686772,none,na,range,bull,flat,0,flat,0.0
2024-08-09 11:50:00+00:00,2024,3,ny_am,1,normal,discount,0.03155024865086916,8.896136466213212e-05,7.552743749587325e-05,buyside,na,range,range,short,5,win,0.3627049180320551
2024-08-13 05:59:00+00:00,2024,3,off,0,low,premium,0.012551290566899834,-2.536075676461282e-06,-0.00010447566655209872,sellside,na,range,range,long,4,win,0.1473214285712241
2024-08-14 19:44:00+00:00,2024,3,ny_pm,0,high,premium,0.03329579181965054,0.00015329066034759173,-0.00033667433244381236,buyside,na,range,range,flat,0,flat,0.0
2024-08-16 11:15:00+00:00,2024,3,ny_am,1,normal,discount,0.017494363660663634,-0.000541706199466262,-0.0004685103122818499,none,na,bull,range,flat,0,flat,0.0
2024-08-20 04:53:00+00:00,2024,3,off,0,low,premium,0.005928114245142796,6.16310209471318e-05,0.0002928150238323515,none,na,bull,bull,flat,0,flat,0.0
2024-08-21 18:43:00+00:00,2024,3,ny_pm,0,high,premium,0.038837113981325694,-0.0002939737101415323,0.0006521523598294567,sellside,na,range,bull,flat,0,flat,0.0
2024-08-23 10:23:00+00:00,2024,3,off,0,normal,discount,0.008154642686817705,-0.00012237197016179776,-9.790946165430547e-07,sellside,na,bull,range,long,4,win,0.09533468559860779
2024-08-27 04:00:00+00:00,2024,3,off,0,low,premium,0.004933583942221706,-7.325815397224328e-05,-0.00019743288737107242,sellside,na,range,bull,long,4,win,-0.19724770642212552
2024-08-28 17:52:00+00:00,2024,3,ny_pm,0,high,discount,0.037780286057578286,-0.0024088343238076355,-0.0025802591796230054,none,na,bull,bear,flat,0,flat,0.0
2024-08-30 09:24:00+00:00,2024,3,off,0,normal,premium,0.010672519581822935,-9.68658931567275e-05,-0.00033906925489533347,sellside,na,range,bull,long,4,win,0.12595759843221163
2024-09-03 06:20:00+00:00,2024,3,london,1,normal,discount,0.011945682979147058,-7.568997194648619e-05,-0.000170406819165096,sellside,na,bear,range,long,5,loss,-1.185873605948046
2024-09-04 20:05:00+00:00,2024,3,off,0,high,discount,0.0477620920156616,4.760680586907361e-05,0.0029005477180130248,none,na,bull,bear,flat,0,flat,0.0
2024-09-06 11:36:00+00:00,2024,3,ny_am,1,normal,discount,0.01882500343526715,-0.0003599418676648696,-0.0007385611617730676,none,na,bear,bear,flat,0,flat,0.0
2024-09-10 05:08:00+00:00,2024,3,off,0,low,discount,0.011043523856794388,7.284925453367373e-05,-0.0005162631471216355,buyside,na,range,bear,short,4,win,0.33880756872535783
2024-09-11 18:57:00+00:00,2024,3,ny_pm,0,high,premium,0.06086711324709321,-0.001691413001713805,0.002965033738467583,none,na,bear,range,flat,0,flat,0.0
2024-09-13 10:30:00+00:00,2024,3,off,0,normal,premium,0.011803187286079932,-7.185280467468344e-05,0.0003526167587672517,sellside,na,bull,range,long,4,timeout,-0.40732575886049854
2024-09-17 04:02:00+00:00,2024,3,off,0,low,discount,0.0071382635334336355,-9.906198876085521e-05,-0.00021589143689943355,buyside,na,range,bull,short,4,loss,-1.0709219858156103
2024-09-18 17:52:00+00:00,2024,3,ny_pm,0,high,premium,0.038291080128668976,-0.0010057199723066165,-0.0003457944284563443,none,na,bear,range,flat,0,flat,0.0
2024-09-20 09:25:00+00:00,2024,3,off,0,low,premium,0.013269550468922016,0.00011871901469416029,0.00030910893341487176,none,na,bear,range,flat,0,flat,0.0
2024-09-24 02:59:00+00:00,2024,3,asia,0,low,discount,0.007932860522108927,0.00011890894856426957,-0.00021396486887044142,buyside,na,range,bull,short,4,win,0.06060606060647819
2024-09-25 16:50:00+00:00,2024,3,off,0,high,discount,0.02979497474387172,-0.0004760144014606334,-0.0007045688838752752,none,na,bull,bull,long,3,loss,-1.035285815102324
2024-09-27 08:22:00+00:00,2024,3,london,1,normal,discount,0.01651337431629184,0.0004749025168885506,0.0002480696340474654,none,na,range,bear,flat,0,flat,0.0
2024-10-01 01:56:00+00:00,2024,4,asia,0,low,premium,0.008969510123150837,-9.451570272276846e-07,0.0006014820005802583,none,na,range,bear,flat,0,flat,0.0
2024-10-02 15:42:00+00:00,2024,4,off,0,high,premium,0.04264202048444277,0.0007232144739544207,0.0014227866801374712,buyside,na,bear,range,flat,0,flat,0.0
2024-10-04 07:17:00+00:00,2024,4,london,1,normal,equilibrium,0.02221546567154776,0.0008437139616672105,-8.498344846169743e-05,none,na,bull,bear,flat,0,flat,0.0
2024-10-08 00:47:00+00:00,2024,4,asia,0,normal,discount,0.009897004439374777,-0.00012219289804407178,0.0011108702397195434,sellside,na,bear,range,long,4,win,0.06259097525481551
2024-10-09 14:38:00+00:00,2024,4,ny_am,1,high,premium,0.04462054959516673,0.0003091939924366235,0.0017105475295481622,sellside,na,bear,range,flat,0,flat,0.0
2024-10-11 07:17:00+00:00,2024,4,london,1,normal,premium,0.01663274884128857,-0.00018873806337769413,-0.0005756520837944765,none,na,range,bull,flat,0,flat,0.0
2024-10-15 00:55:00+00:00,2024,4,asia,0,low,equilibrium,0.011789946553946482,2.480287509364149e-05,-0.00015319422710368137,none,na,bull,bull,flat,0,flat,0.0
2024-10-16 14:45:00+00:00,2024,4,ny_am,1,high,premium,0.049269362594139214,-0.00035248354125507397,0.0017006719346642823,sellside,na,bear,range,flat,0,flat,0.0
2024-10-18 07:24:00+00:00,2024,4,london,1,normal,premium,0.009988241920477772,-1.4109086367282233e-05,0.00010478977159296959,buyside,na,range,bull,short,5,win,0.5678776290633675
2024-10-22 01:57:00+00:00,2024,4,asia,0,normal,discount,0.00943109768373615,0.00013989441236069724,9.349176106757709e-05,none,na,range,range,flat,0,flat,0.0
2024-10-23 15:47:00+00:00,2024,4,off,0,high,discount,0.0338254923178258,0.0015044362183442514,-0.0028987684446075577,none,na,bull,range,flat,0,flat,0.0
2024-10-25 07:19:00+00:00,2024,4,london,1,normal,equilibrium,0.017081610287830777,-0.00021277363645015433,-0.0004344148029321709,sellside,na,bull,bear,long,5,win,2.1589743589746573
2024-10-29 01:49:00+00:00,2024,4,asia,0,low,discount,0.010502315658956611,-0.00032633810420926,-0.00027986622111462225,sellside,na,range,range,long,4,timeout,-0.2827735644638932
2024-10-30 15:34:00+00:00,2024,4,off,0,high,premium,0.03939145307277719,7.077074054502905e-05,-0.00015400968822351443,none,na,range,range,flat,0,flat,0.0
2024-11-01 07:04:00+00:00,2024,4,london,1,low,premium,0.010728631855126337,-7.00565090626413e-05,-0.0005221988275024513,buyside,na,bear,bear,short,10,win,0.08865979381419296
2024-11-05 00:35:00+00:00,2024,4,off,0,low,discount,0.012527147444145159,-0.0002626581241376818,-0.0008728410869798877,buyside,na,bull,bear,short,4,win,0.1942613416054006
2024-11-06 14:20:00+00:00,2024,4,ny_am,1,normal,premium,0.04121173008299059,0.000575224070376627,-0.0019179169213403523,none,na,bull,range,flat,0,flat,0.0
2024-11-08 05:50:00+00:00,2024,4,off,0,low,premium,0.008407702175694663,0.0004005658649790523,0.0007778892023356818,buyside,na,bull,range,short,4,win,3.3852459016419965
2024-11-11 20:36:00+00:00,2024,4,ny_pm,0,normal,discount,0.021860232330723435,-0.0002680699954019925,-0.0012857420033118847,none,na,bull,bull,long,6,timeout,-0.2867968522298004
2024-11-13 12:08:00+00:00,2024,4,ny_am,1,normal,discount,0.016147087141355394,2.466264132782168e-05,-0.0007536787188328598,buyside,na,bear,range,short,5,loss,-1.0685400959561508
2024-11-15 03:38:00+00:00,2024,4,asia,0,low,equilibrium,0.009157234188831872,0.00019418947534253776,0.00035454422400955904,sellside,na,range,range,long,4,loss,-1.0254647313470864
2024-11-18 18:23:00+00:00,2024,4,ny_pm,0,normal,premium,0.027132628705514045,-0.0006926842873889241,-0.0005972383422872385,none,na,bull,range,flat,0,flat,0.0
2024-11-20 09:53:00+00:00,2024,4,london,1,normal,premium,0.017972010860750367,-9.195660846507741e-05,-0.0006217027468480768,sellside,na,range,bear,long,5,loss,-1.152905198776738
2024-11-22 01:23:00+00:00,2024,4,asia,0,low,discount,0.012934676572862893,0.000547299086983736,0.0002281014620823991,none,na,bull,bull,long,6,timeout,-0.36169759010448577
2024-11-25 16:08:00+00:00,2024,4,off,0,high,discount,0.03948290244445537,-0.0012938451090238204,-0.0024548669351296968,sellside,na,bull,bull,long,5,loss,-1.027839643652557
2024-11-27 07:38:00+00:00,2024,4,london,1,low,premium,0.010304336687067933,0.00022351348490501425,0.00044511996283908445,none,na,bull,range,flat,0,flat,0.0
2024-11-29 02:33:00+00:00,2024,4,asia,0,normal,premium,0.0072384444324684934,0.00014737253279207367,0.0005605146117437598,buyside,na,bull,range,short,4,win,0.10251450676963537
2024-12-02 20:19:00+00:00,2024,4,ny_pm,0,normal,discount,0.022210879930919757,3.345611728408932e-06,0.0009153011564048757,buyside,na,bear,bear,short,7,win,0.36470588235276996
2024-12-04 11:50:00+00:00,2024,4,off,0,normal,premium,0.01335329551770786,-0.0005797031759452762,-0.0005463283794217395,sellside,na,bull,bear,long,4,win,0.9148936170224623
2024-12-06 03:20:00+00:00,2024,4,asia,0,normal,discount,0.006394683093708643,-0.0002797733478345626,-0.00019062934950022563,none,na,range,range,flat,0,flat,0.0
2024-12-09 18:06:00+00:00,2024,4,ny_pm,0,high,discount,0.026524257933909178,-0.0009654684058709552,-0.0015913633613756169,sellside,na,range,range,flat,0,flat,0.0
2024-12-11 09:51:00+00:00,2024,4,london,1,normal,discount,0.010148039467288386,-0.0003626738104061805,-0.0008786458548730303,none,na,range,range,flat,0,flat,0.0
2024-12-13 01:38:00+00:00,2024,4,asia,0,normal,discount,0.008261561801015426,6.467919347787274e-05,-0.00036468866696951456,none,na,range,range,flat,0,flat,0.0
2024-12-16 16:23:00+00:00,2024,4,off,0,high,equilibrium,0.03392689207820288,-0.00020801444058148746,0.00047634133337218036,sellside,na,bear,bear,flat,0,flat,0.0
2024-12-18 07:54:00+00:00,2024,4,london,1,low,premium,0.007556848620665051,-0.000366660708813191,6.665269258477715e-05,buyside,na,bear,range,short,5,loss,-1.1474926253685986
2024-12-19 23:24:00+00:00,2024,4,off,0,high,discount,0.01941605389644979,0.0002239395905845782,-0.003349913213099841,none,na,bear,bear,flat,0,flat,0.0
2024-12-23 14:10:00+00:00,2024,4,ny_am,1,normal,discount,0.029522767408898202,0.0008906322785863362,-0.0014697379918382416,none,na,range,bear,flat,0,flat,0.0
2024-12-26 09:00:00+00:00,2024,4,london,1,high,premium,0.01853149109657537,-0.0005553209889574216,-0.0019177419097574627,none,na,bear,bull,flat,0,flat,0.0
2024-12-30 01:30:00+00:00,2024,4,asia,0,normal,premium,0.013629075097595054,0.0006517790611027842,-0.00010587171512650646,none,na,bear,range,flat,0,flat,0.0
2024-12-31 15:16:00+00:00,2024,4,ny_am,1,high,premium,0.07738330354965356,-0.0010374276286041497,0.0001273999313352386,none,na,bull,range,flat,0,flat,0.0
2025-01-03 06:49:00+00:00,2025,1,off,0,low,premium,0.010668195117818876,-0.00029499761270883703,0.00041277073059704973,buyside,na,range,range,short,4,win,0.49656266525635556
2025-01-06 23:19:00+00:00,2025,1,off,0,high,discount,0.017844400667248725,-0.0006073658184428788,0.0014960745029171949,none,na,range,range,flat,0,flat,0.0
2025-01-08 13:04:00+00:00,2025,1,ny_am,1,high,discount,0.05537753578444086,0.0009655736140933995,-0.000599981890001629,none,na,bull,bear,flat,0,flat,0.0
2025-01-10 11:20:00+00:00,2025,1,off,0,normal,premium,0.018381656068971058,0.000655936755864573,0.0013383751650944888,none,na,bull,range,flat,0,flat,0.0
2025-01-14 03:50:00+00:00,2025,1,asia,0,low,premium,0.0077806875289405724,1.2277502727708707e-05,0.00018939040612444354,sellside,na,bull,range,long,4,loss,-1.0884173297966016
2025-01-15 17:45:00+00:00,2025,1,off,0,normal,premium,0.035019591093038094,0.0011013231180010915,0.002508742287736207,none,na,bull,range,flat,0,flat,0.0
2025-01-17 09:27:00+00:00,2025,1,london,1,low,premium,0.01364459700426919,0.00036625220473425555,0.0012947525745871202,none,na,range,range,flat,0,flat,0.0
2025-01-21 06:23:00+00:00,2025,1,off,0,normal,premium,0.011467645799390053,-2.2246124702169438e-05,-0.0003899664229969238,none,na,bear,bull,flat,0,flat,0.0
2025-01-22 20:09:00+00:00,2025,1,ny_pm,0,normal,premium,0.016780577482614543,0.0003738733162405652,0.001677370611660243,none,na,range,bear,flat,0,flat,0.0
2025-01-24 11:43:00+00:00,2025,1,off,0,normal,discount,0.010987641900812242,0.0004090558675918604,0.0009422294182464516,buyside,na,range,range,short,4,win,6.606060606061842
2025-01-28 04:13:00+00:00,2025,1,asia,0,low,discount,0.012372486987145522,9.834685434560737e-05,3.3153498007725694e-05,sellside,na,bull,range,long,4,loss,-1.0489715964740491
2025-01-29 17:59:00+00:00,2025,1,off,0,high,discount,0.02639504123947762,-0.0005129602222663552,-0.0006688190235509053,sellside,na,range,range,flat,0,flat,0.0
2025-01-31 09:32:00+00:00,2025,1,london,1,normal,premium,0.012738242323597678,0.00032348599341187553,0.0013461618385678586,none,na,range,bull,flat,0,flat,0.0
2025-02-04 02:02:00+00:00,2025,1,asia,0,low,premium,0.014386606731496936,4.1787864579473266e-05,-0.001247308044923817,buyside,na,bull,range,short,4,win,0.5695067264573406
2025-02-05 15:47:00+00:00,2025,1,ny_am,1,high,premium,0.04652141174928797,0.0008279348403828895,-0.0004516758429675017,buyside,na,range,range,flat,0,flat,0.0
2025-02-07 07:19:00+00:00,2025,1,london,1,low,premium,0.008587422763686294,6.88685368946807e-05,0.001017445861741487,buyside,na,bear,bull,short,5,win,0.07369996258890626
2025-02-10 23:52:00+00:00,2025,1,off,0,normal,premium,0.014681032595753788,-5.561827936411338e-05,-0.0010255780377379374,none,na,bear,bear,short,6,win,0.8501170960188444
2025-02-12 13:48:00+00:00,2025,1,ny_am,1,high,discount,0.065673473571758,-0.0001126150573116389,-0.007697802509769574,buyside,na,range,range,flat,0,flat,0.0
2025-02-14 05:20:00+00:00,2025,1,off,0,low,premium,0.00441087933714933,-0.00011463607738130486,-6.838257772814466e-05,buyside,na,range,bull,short,4,win,0.623376623375703
2025-02-18 01:20:00+00:00,2025,1,asia,0,normal,discount,0.008624168037421054,-1.1882153252399485e-05,-0.0001044635995913863,none,na,bull,bear,flat,0,flat,0.0
2025-02-19 15:13:00+00:00,2025,1,ny_am,1,high,discount,0.0384010487097089,-3.3996604842259385e-05,-0.00048428972677905696,buyside,na,bull,bear,flat,0,flat,0.0
2025-02-21 06:46:00+00:00,2025,1,off,0,low,premium,0.004426952358704982,4.5713396016435066e-05,6.766636363899209e-05,none,na,bear,range,flat,0,flat,0.0
2025-02-24 23:17:00+00:00,2025,1,off,0,high,discount,0.023157803936011998,0.0002041166747463921,-0.0013735488232920498,none,na,range,bear,flat,0,flat,0.0
2025-02-26 13:04:00+00:00,2025,1,ny_am,1,normal,discount,0.019179920241084274,-0.00042271391943418554,-0.0007890968807922257,sellside,na,bull,range,long,5,win,0.021106674272826236
2025-02-28 04:35:00+00:00,2025,1,asia,0,normal,discount,0.017941328548030353,0.0006369675989330332,0.0016931878682914386,none,na,range,range,flat,0,flat,0.0
2025-03-03 19:22:00+00:00,2025,1,ny_pm,0,high,discount,0.06625675554036298,-0.0014126166638209307,-0.0018372058299930675,sellside,na,bull,range,flat,0,flat,0.0
2025-03-05 10:52:00+00:00,2025,1,off,0,normal,premium,0.027528107075188622,-0.00021127394214040773,-0.0018214030963852096,buyside,na,range,range,short,4,win,2.358449946178841
2025-03-07 02:28:00+00:00,2025,1,asia,0,low,premium,0.018439289760128198,-0.00027060898267195583,-0.0001766738913947835,sellside,na,bear,bear,short,6,win,0.361437456807128
2025-03-10 17:13:00+00:00,2025,1,ny_pm,0,normal,discount,0.0664435272607512,-0.002651123383646789,-0.0045634092735923676,none,na,bear,bear,flat,0,flat,0.0
2025-03-12 08:43:00+00:00,2025,1,london,1,normal,premium,0.036909091662304515,0.002484360631563842,0.0016504460733428757,none,na,bear,bear,short,7,timeout,-0.05915045653037463
2025-03-14 00:13:00+00:00,2025,1,asia,0,normal,premium,0.02322878360679876,0.0003424458591387849,-9.783346450974605e-05,buyside,na,bear,bear,short,8,loss,-1.0781860828772425
2025-03-17 15:58:00+00:00,2025,1,off,0,high,premium,0.05030539196455583,0.0008679112573350243,0.0010809753622192013,none,na,bull,range,flat,0,flat,0.0
2025-03-19 07:28:00+00:00,2025,1,london,1,normal,discount,0.020016931256895017,0.0012984018706612942,7.307342749711908e-05,none,na,bull,range,flat,0,flat,0.0
2025-03-20 22:58:00+00:00,2025,1,off,0,low,discount,0.011288916912591344,-0.0004039994035291617,-8.840277160558083e-05,sellside,na,bull,bull,long,8,timeout,-0.01648745519718739
2025-03-24 14:45:00+00:00,2025,1,ny_am,1,high,premium,0.04307797128453007,-0.00032936193418266365,0.0011544778544052637,sellside,na,bull,range,flat,0,flat,0.0
2025-03-26 06:17:00+00:00,2025,1,london,1,low,discount,0.00837719691786852,2.561425449704079e-05,-0.0009594709786440264,none,na,range,bull,flat,0,flat,0.0
2025-03-27 20:02:00+00:00,2025,1,off,0,high,discount,0.061258410305540134,-0.0015324569764532138,-0.00023381647532294908,sellside,na,range,bear,flat,0,flat,0.0
2025-03-31 13:32:00+00:00,2025,1,ny_am,1,normal,discount,0.05713970672258257,-3.727789094282499e-05,-8.520252422169974e-05,sellside,na,bear,bear,flat,0,flat,0.0
2025-04-02 05:02:00+00:00,2025,2,off,0,low,discount,0.009505665113166856,-3.6971468998180775e-05,-0.0002487295239321751,buyside,na,range,bull,short,4,win,0.3559322033898428
2025-04-03 18:47:00+00:00,2025,2,ny_pm,0,normal,discount,0.08189746795820126,0.0019994789088095322,-0.0032446558358532906,buyside,na,bear,range,short,4,win,1.2298293659153534
2025-04-07 12:19:00+00:00,2025,2,ny_am,1,normal,premium,0.1273973882221345,-0.004387738444910811,-0.00851333073373489,none,na,bear,range,flat,0,flat,0.0
2025-04-09 03:49:00+00:00,2025,2,asia,0,normal,discount,0.08317834254938433,-0.0025935142252157413,-0.006852246559891177,sellside,na,range,range,long,4,loss,-1.0390472471690737
2025-04-10 17:34:00+00:00,2025,2,ny_pm,0,high,discount,0.23343740083175776,0.006911863432711885,0.004549016663701358,buyside,na,range,range,flat,0,flat,0.0
2025-04-14 11:04:00+00:00,2025,2,ny_am,1,low,premium,0.031845899330200496,0.0006167025834710595,0.0007013058339277487,buyside,na,bull,range,short,5,loss,-1.0284333238555543
2025-04-16 02:34:00+00:00,2025,2,asia,0,low,discount,0.01857320583439499,0.0001856568524527871,-0.0004972305845987191,sellside,na,range,bull,long,4,timeout,0.45662100456627625
2025-04-17 16:23:00+00:00,2025,2,off,0,high,discount,0.128568660616462,0.0013521024581875242,0.002728072052731939,none,na,bear,bear,flat,0,flat,0.0
2025-04-22 09:55:00+00:00,2025,2,off,0,normal,premium,0.020563134603529026,-0.00025642317982397324,-3.5340693379222064e-05,none,na,bull,range,flat,0,flat,0.0
2025-04-24 01:25:00+00:00,2025,2,asia,0,low,discount,0.026395749436184845,-0.0012598345646270728,-0.0011311679978982918,none,na,range,range,flat,0,flat,0.0
2025-04-25 15:13:00+00:00,2025,2,off,0,high,discount,0.06588191769390454,0.0027868516634749147,-0.0001994870904069778,none,na,bear,range,flat,0,flat,0.0
2025-04-29 08:45:00+00:00,2025,2,london,1,normal,premium,0.02179447643165122,0.0005579390836701535,0.0001621822288450982,none,na,bull,range,flat,0,flat,0.0
2025-05-01 00:18:00+00:00,2025,2,asia,0,normal,premium,0.02437742498550424,0.0004293331588553958,0.0017387194868348456,none,na,range,range,flat,0,flat,0.0
2025-05-02 14:04:00+00:00,2025,2,ny_am,1,high,premium,0.08785921151012943,-0.0010721720065370534,-0.0029399267287266986,buyside,na,range,bull,flat,0,flat,0.0
2025-05-06 07:40:00+00:00,2025,2,london,1,normal,discount,0.022354520205266085,-0.0012522464844977816,-0.0017615312762295804,none,na,range,bull,flat,0,flat,0.0
2025-05-07 23:13:00+00:00,2025,2,off,0,normal,premium,0.018165924037032682,0.00036490655446657456,0.0008487754860974604,buyside,na,range,bear,short,4,loss,-1.1086956521739475
2025-05-09 12:59:00+00:00,2025,2,ny_am,1,normal,premium,0.02072811027780717,-0.0004448780224472805,0.0011219037219299816,sellside,na,range,bull,long,5,win,0.4391143911439499
2025-05-13 06:29:00+00:00,2025,2,london,1,low,equilibrium,0.015526574217854456,-0.0005786760930246621,0.000166168358566235,none,na,range,range,flat,0,flat,0.0
2025-05-14 20:14:00+00:00,2025,2,off,0,high,discount,0.039020310021096224,0.0003924788679862837,-0.0007719270401836365,none,na,range,bear,flat,0,flat,0.0
2025-05-16 11:47:00+00:00,2025,2,ny_am,1,normal,premium,0.013839671491148602,0.0008251772151153336,0.00023626556249221385,sellside,na,range,range,long,5,win,-3.6377952755905003
2025-05-20 05:17:00+00:00,2025,2,off,0,low,discount,0.010750891115106716,0.0004909334026268554,0.0006205884244936833,none,na,bull,bull,long,6,loss,-1.028344671201815
2025-05-21 19:02:00+00:00,2025,2,ny_pm,0,high,discount,0.06381947408492321,-0.0009083912131801959,-0.0009300618293280959,sellside,na,bear,range,flat,0,flat,0.0
2025-05-23 10:32:00+00:00,2025,2,off,0,normal,discount,0.023387618404992396,5.023254078340625e-05,0.001080633505529055,sellside,na,range,range,long,4,loss,-1.0412031314379948
2025-05-27 08:21:00+00:00,2025,2,london,1,high,premium,0.028290184401766783,-0.00035606486880384886,0.001889171310939063,none,na,bear,bull,flat,0,flat,0.0
2025-05-28 23:52:00+00:00,2025,2,off,0,high,premium,0.06384828991603138,-0.0008105115596568224,0.006555798003512125,none,na,range,range,flat,0,flat,0.0
2025-05-30 13:38:00+00:00,2025,2,ny_am,1,high,discount,0.06238843534156152,4.749800686488693e-05,0.0007479045838209527,sellside,na,bull,range,flat,0,flat,0.0
2025-06-03 07:13:00+00:00,2025,2,london,1,low,discount,0.017938429955488177,1.3042546208624547e-05,0.00032379286934569774,none,na,bull,bear,flat,0,flat,0.0
2025-06-04 22:46:00+00:00,2025,2,off,0,normal,discount,0.013943170667883678,-0.0003772810361961691,-0.00016499238677986718,none,na,range,bull,flat,0,flat,0.0
2025-06-06 12:42:00+00:00,2025,2,ny_am,1,high,premium,0.05763801498821986,0.002305613573705821,0.003510403752975008,none,na,range,range,flat,0,flat,0.0
2025-06-10 06:13:00+00:00,2025,2,london,1,high,discount,0.02984808542655601,-0.0002799214910251175,-0.002542989210436854,sellside,na,range,bull,flat,0,flat,0.0
2025-06-11 19:59:00+00:00,2025,2,ny_pm,0,high,discount,0.05608007004848418,0.0009816745523574695,0.0006999318272467885,none,na,range,bull,flat,0,flat,0.0
2025-06-13 11:30:00+00:00,2025,2,ny_am,1,normal,discount,0.028077143289811517,8.161944264508066e-05,0.0008233906984155242,sellside,na,range,bear,long,5,win,0.026386645126595627
2025-06-17 05:00:00+00:00,2025,2,off,0,low,premium,0.014386600882868293,4.651548269024689e-05,-0.0006387367029152233,none,na,bear,range,flat,0,flat,0.0
2025-06-18 18:45:00+00:00,2025,2,ny_pm,0,high,premium,0.07273865564321733,0.0007647546618847728,0.0008002211417148723,none,na,range,bear,flat,0,flat,0.0
2025-06-20 13:31:00+00:00,2025,2,ny_am,1,high,premium,0.05305024949373621,-0.0002733067853310959,0.0011349811455455047,buyside,na,bull,range,flat,0,flat,0.0
2025-06-24 07:01:00+00:00,2025,2,london,1,normal,premium,0.027338954474007842,-4.887036159177155e-05,0.0014316911108366243,buyside,na,range,range,short,5,loss,-1.0354987575434882
2025-06-25 22:33:00+00:00,2025,2,off,0,high,equilibrium,0.013682733467544915,-0.00012742799155820254,0.0008388582217880062,sellside,na,bear,bear,flat,0,flat,0.0
2025-06-27 12:21:00+00:00,2025,2,ny_am,1,normal,premium,0.01297306435317621,-0.0002488401615164675,-6.842043392321679e-05,sellside,na,bull,range,long,5,timeout,-0.20017793594306438
2025-07-01 05:53:00+00:00,2025,3,off,0,normal,premium,0.010559275108370184,0.00043437724653428393,0.0004116612997054262,none,na,bear,range,flat,0,flat,0.0
2025-07-02 19:43:00+00:00,2025,3,ny_pm,0,normal,premium,0.02189513724140117,0.00022422023869900006,-0.00018006802120086344,none,na,bear,bull,flat,0,flat,0.0
2025-07-04 14:30:00+00:00,2025,3,ny_am,1,high,premium,0.019644701680434227,0.0008401912326370269,0.0008287460059420175,none,na,range,range,flat,0,flat,0.0
2025-07-08 11:17:00+00:00,2025,3,ny_am,1,normal,premium,0.01265967127055963,0.0002902884538668401,0.0007321296223433507,none,na,range,bear,flat,0,flat,0.0
2025-07-10 02:53:00+00:00,2025,3,asia,0,low,premium,0.006242399427716264,-3.603633633880609e-05,0.00033638930133317167,sellside,na,range,bull,long,4,loss,-1.0426803243704648
2025-07-11 16:38:00+00:00,2025,3,off,0,high,discount,0.031522956680795126,-6.768801870174831e-05,-0.0009663924459535414,sellside,na,bear,bull,flat,0,flat,0.0
2025-07-15 10:08:00+00:00,2025,3,off,0,low,equilibrium,0.011974555732489203,0.0002446589730759292,0.0006761985974789667,none,na,bear,bear,flat,0,flat,0.0
2025-07-17 01:39:00+00:00,2025,3,asia,0,low,premium,0.014055836324947064,-0.0009418390618360254,-0.0007123134251501906,none,na,range,range,flat,0,flat,0.0
2025-07-18 15:25:00+00:00,2025,3,off,0,high,discount,0.04036965237415514,-0.0005193897227139711,-0.00017010712462334183,none,na,range,bull,flat,0,flat,0.0
2025-07-22 09:03:00+00:00,2025,3,off,0,normal,discount,0.01474012491550369,8.816482989945584e-05,-0.00010370342983309935,sellside,na,range,range,long,4,loss,-1.1798561151077536
2025-07-24 00:33:00+00:00,2025,3,asia,0,normal,premium,0.011053397890730336,-0.0002571831475787183,3.363285881309056e-05,buyside,na,bull,range,short,4,win,0.014011799410203609
2025-07-25 14:22:00+00:00,2025,3,ny_am,1,high,discount,0.04303234154479318,0.001799693266164549,-0.0007294959375161092,none,na,range,range,flat,0,flat,0.0
2025-07-29 08:04:00+00:00,2025,3,london,1,normal,premium,0.01922734993480977,0.00019776569308629355,0.0006878398952933128,none,na,bull,range,flat,0,flat,0.0
2025-07-30 23:36:00+00:00,2025,3,off,0,normal,premium,0.012194559348082208,-0.00021243872477545126,0.0003806861913491112,none,na,range,bear,flat,0,flat,0.0
2025-08-01 13:22:00+00:00,2025,3,ny_am,1,high,discount,0.0452165728406214,-0.0011366754561952697,-0.0014533413031468196,none,na,bear,range,flat,0,flat,0.0
2025-08-05 06:52:00+00:00,2025,3,london,1,low,premium,0.01358958054947436,2.2590288304120557e-07,0.00031410356649914754,sellside,na,bull,range,long,5,loss,-1.0287191269385414
2025-08-06 22:22:00+00:00,2025,3,off,0,normal,premium,0.022338993974122815,0.000982044014682942,-0.0011101447526622658,none,na,bear,bull,flat,0,flat,0.0
2025-08-08 12:07:00+00:00,2025,3,ny_am,1,low,premium,0.012760545151871054,-0.00045383179570052345,9.095191728217437e-05,none,na,range,bear,flat,0,flat,0.0
2025-08-12 05:42:00+00:00,2025,3,off,0,high,discount,0.026671483583453157,-0.0007830143804782308,-0.0015854259745659667,sellside,na,range,bull,flat,0,flat,0.0
2025-08-13 19:27:00+00:00,2025,3,ny_pm,0,high,premium,0.02167474309982901,0.00042269504747133134,0.0007355455273705406,none,na,bull,bull,flat,0,flat,0.0
2025-08-15 10:57:00+00:00,2025,3,off,0,normal,premium,0.01237641018250141,0.0002411320908318964,0.0008061460111487704,buyside,na,range,range,short,4,loss,-1.1547987616097537
2025-08-19 04:31:00+00:00,2025,3,off,0,low,discount,0.007362100399232498,-8.939797929360074e-05,-0.0008576503188120141,sellside,na,bear,range,long,4,win,0.2587412587417806
2025-08-20 18:16:00+00:00,2025,3,ny_pm,0,high,discount,0.04461005119325513,-0.001683995054461554,-0.001564374314862357,sellside,na,range,range,flat,0,flat,0.0
2025-08-22 09:47:00+00:00,2025,3,off,0,normal,premium,0.011963858090065142,0.0001894650317903791,0.0005447662683220893,buyside,na,bear,range,short,4,loss,-1.183486238531963
2025-08-26 03:19:00+00:00,2025,3,asia,0,normal,discount,0.015405005401533566,3.0960512299045362e-06,-0.00029779472724260575,none,na,bear,range,flat,0,flat,0.0
2025-08-27 17:19:00+00:00,2025,3,ny_pm,0,high,premium,0.019228757153806404,0.00046262959010501974,0.0007037795576977033,none,na,range,range,flat,0,flat,0.0
2025-08-29 08:50:00+00:00,2025,3,london,1,normal,discount,0.011784020759784738,-0.00014241917876433178,-0.00079004625185983,none,na,range,range,flat,0,flat,0.0
2025-09-02 05:38:00+00:00,2025,3,off,0,normal,discount,0.013237175845074877,-0.00034919700072958695,-0.0006472169123534975,none,na,range,bull,flat,0,flat,0.0
2025-09-03 19:23:00+00:00,2025,3,ny_pm,0,normal,discount,0.024581193979111318,0.00031280977103176794,-0.00018794694260031947,buyside,na,bear,bear,short,7,loss,-1.0252780586450976
2025-09-05 10:55:00+00:00,2025,3,off,0,low,discount,0.008901774454237147,0.0001848314547616856,0.000366001869263043,buyside,na,bull,range,short,4,win,0.03151862464200585
2025-09-09 04:25:00+00:00,2025,3,off,0,low,premium,0.004368443586412583,6.494070650221296e-05,-2.171815148252627e-05,sellside,na,bull,bull,long,7,loss,-1.0555555555555556
2025-09-10 18:14:00+00:00,2025,3,ny_pm,0,high,discount,0.028531662914023738,-0.00017221910140767605,-0.0014215036085674013,sellside,na,range,bull,flat,0,flat,0.0
2025-09-12 09:46:00+00:00,2025,3,off,0,normal,discount,0.010303737249164703,-0.00024021535110748123,-0.0001531343339992956,sellside,na,range,range,long,4,timeout,-0.17137809187278735
2025-09-16 03:23:00+00:00,2025,3,asia,0,low,premium,0.005802235549700102,7.625473351258279e-05,0.0004252139909570004,none,na,bear,bear,short,6,win,0.11111111111252943
2025-09-17 17:10:00+00:00,2025,3,ny_pm,0,high,premium,0.02874224234906448,0.0002882657562255069,-0.001822337507153496,none,na,bull,range,flat,0,flat,0.0
2025-09-19 08:40:00+00:00,2025,3,london,1,normal,discount,0.012658511390090032,4.310529692629425e-05,0.0007155088327734266,buyside,na,range,bull,short,5,loss,-1.2386634844871554
2025-09-23 02:10:00+00:00,2025,3,asia,0,low,premium,0.007394225839719219,0.0001083982106321369,0.00015107433029464963,none,na,range,range,flat,0,flat,0.0
2025-09-24 15:59:00+00:00,2025,3,off,0,high,discount,0.041424870105884096,-0.0018992748498552017,-0.0037057553407046223,none,na,range,bull,flat,0,flat,0.0
2025-09-26 08:32:00+00:00,2025,3,london,1,normal,premium,0.017420845777109673,-7.616769304988327e-05,0.00045963934486734087,buyside,na,bear,bear,short,10,win,0.3471901462661927
2025-09-30 02:10:00+00:00,2025,3,asia,0,normal,discount,0.009739206799649333,0.00010822136777988588,-0.00017340775830195228,none,na,range,bull,flat,0,flat,0.0
2025-10-01 16:55:00+00:00,2025,4,off,0,normal,premium,0.024211217025547,-0.0007543908934950109,-0.0028363572678453404,sellside,na,range,bear,long,4,win,0.05432595573434311
2025-10-03 08:27:00+00:00,2025,4,london,1,normal,equilibrium,0.01192085806315461,-1.8224320806332817e-05,-0.0001474907282354145,sellside,na,bull,bull,long,8,win,0.0383944153576426
2025-10-07 01:58:00+00:00,2025,4,asia,0,normal,premium,0.010221078983210409,0.0003009890590584049,-0.0001490329903288175,buyside,na,bear,bear,short,8,win,0.34637514384322127
2025-10-08 15:44:00+00:00,2025,4,off,0,high,premium,0.025949873343714167,0.0008773344777261022,0.0019248317646069666,none,na,range,range,flat,0,flat,0.0
2025-10-10 07:16:00+00:00,2025,4,london,1,high,premium,0.02060668934481541,-1.2716350381501451e-05,-0.0008887187204172477,none,na,bear,bear,short,4,win,0.08726084927683593
2025-10-14 00:47:00+00:00,2025,4,asia,0,normal,premium,0.03017920527330877,-0.0008661505384345838,0.0021693513058092294,none,na,bull,bear,flat,0,flat,0.0
2025-10-15 14:32:00+00:00,2025,4,ny_am,1,high,premium,0.04884393652477582,0.00010658827031474132,0.002988986540634713,buyside,na,range,bull,flat,0,flat,0.0
2025-10-17 06:02:00+00:00,2025,4,london,1,normal,discount,0.026014329930246854,0.000797822752637132,-0.0005234666063012877,buyside,na,range,bear,short,5,win,0.028587710133934963
2025-10-20 23:32:00+00:00,2025,4,off,0,low,premium,0.01164738772106186,0.00018183766859293372,0.00013883243844520424,buyside,na,bull,bear,short,4,loss,-1.188323917137301
2025-10-22 13:17:00+00:00,2025,4,ny_am,1,normal,discount,0.013412252117724364,-5.3049821452308925e-05,3.1747364276245595e-05,none,na,bear,range,flat,0,flat,0.0
2025-10-24 04:47:00+00:00,2025,4,off,0,low,premium,0.0062492796477881946,0.00027700878391447617,0.0002342505009884346,none,na,bull,range,flat,0,flat,0.0
2025-10-27 22:17:00+00:00,2025,4,off,0,high,premium,0.013021452766005992,0.00016547651137656993,0.0016397267444969099,buyside,na,range,bull,flat,0,flat,0.0
2025-10-29 12:02:00+00:00,2025,4,ny_am,1,normal,premium,0.016921796144579806,-0.0007111012951246059,0.00018882088266863097,sellside,na,range,bull,long,5,timeout,0.27366713967158973
2025-10-31 03:34:00+00:00,2025,4,asia,0,low,discount,0.014392329865039149,-0.00013652092514483972,-0.00024146313196603627,none,na,range,bear,flat,0,flat,0.0
2025-11-03 19:19:00+00:00,2025,4,ny_pm,0,high,equilibrium,0.030490702661383234,0.0005042960192290813,-0.00029457082339310985,buyside,na,bear,bear,short,3,win,0.48670557717244906
2025-11-05 10:49:00+00:00,2025,4,off,0,normal,premium,0.01989002802018272,-9.489140347572486e-05,-0.0003285404209773468,sellside,na,bear,range,long,4,loss,-1.0713775874375342
2025-11-07 02:19:00+00:00,2025,4,asia,0,normal,premium,0.023483420878637397,-0.0002548978396290366,-0.000435611286548051,sellside,na,bear,bear,short,6,win,0.4060031595575817
2025-11-10 17:04:00+00:00,2025,4,off,0,high,discount,0.0392344834002948,0.0022805531458462524,0.002883383806211406,none,na,range,range,flat,0,flat,0.0
2025-11-12 08:34:00+00:00,2025,4,london,1,normal,premium,0.013674878996315466,-4.104251316852502e-05,-0.0001243672011401194,sellside,na,bull,range,long,5,loss,-1.046210720887247
2025-11-14 00:04:00+00:00,2025,4,off,0,normal,discount,0.022007067036590364,2.2306416082792823e-05,-0.00013655249349282632,buyside,na,bear,range,short,4,timeout,-0.14002036659875622
2025-11-17 14:49:00+00:00,2025,4,ny_am,1,high,discount,0.07320890289268794,-0.00048804263710231687,0.0011485656001202311,sellside,na,range,range,flat,0,flat,0.0
2025-11-19 06:19:00+00:00,2025,4,off,0,normal,equilibrium,0.02212461977983726,0.0007051290540308004,0.0009763298639891527,none,na,range,range,flat,0,flat,0.0
2025-11-20 20:04:00+00:00,2025,4,ny_pm,0,high,discount,0.08468538393771681,0.0008063383157722083,0.0034700185938311336,none,na,range,range,flat,0,flat,0.0
2025-11-24 12:34:00+00:00,2025,4,ny_am,1,low,premium,0.027214725179976276,0.0017700932276479401,0.0029214462067617846,none,na,bull,range,flat,0,flat,0.0
2025-11-26 04:04:00+00:00,2025,4,asia,0,low,premium,0.007639303781721524,-5.6124186517010394e-05,3.727841319355137e-05,sellside,na,range,bull,long,4,timeout,-0.18862421001445967
2025-11-27 17:50:00+00:00,2025,4,off,0,normal,discount,0.008171376059785908,-5.229639148579323e-05,7.486927402946504e-05,buyside,na,range,range,short,4,win,0.051344743276053095
2025-12-02 05:35:00+00:00,2025,4,off,0,low,discount,0.007927368618245589,4.1488470861951067e-05,-0.00038339371996014184,none,na,bear,range,flat,0,flat,0.0
2025-12-03 19:20:00+00:00,2025,4,ny_pm,0,high,premium,0.024393219103493295,0.0003320911052600688,0.001813213885029153,sellside,na,bull,range,flat,0,flat,0.0
2025-12-05 10:53:00+00:00,2025,4,off,0,low,discount,0.00894185723602565,9.382511625235402e-05,0.0002399264337068049,buyside,na,range,bull,short,4,loss,-1.055493895671486
2025-12-09 03:23:00+00:00,2025,4,asia,0,normal,premium,0.0072236853654958815,-0.00011746971490457381,-0.00012814741140140543,sellside,na,bear,bear,short,6,timeout,0.18900126422237787
2025-12-10 17:08:00+00:00,2025,4,off,0,high,premium,0.029802864435862508,-0.0009273342706389767,0.0009005291473223596,none,na,range,bear,flat,0,flat,0.0
2025-12-12 08:39:00+00:00,2025,4,london,1,normal,premium,0.01445202411594454,0.00047076199583437036,0.001064143524207404,none,na,bull,range,flat,0,flat,0.0
2025-12-16 01:09:00+00:00,2025,4,asia,0,normal,premium,0.01733958339108297,0.00010578761565877005,6.17755959125059e-05,none,na,bear,bear,short,6,win,0.3282881002088163
2025-12-17 14:54:00+00:00,2025,4,ny_am,1,high,premium,0.07193865596887514,0.0005577702450707833,0.0014304810671744604,buyside,na,range,range,flat,0,flat,0.0
2025-12-19 06:24:00+00:00,2025,4,off,0,normal,discount,0.011090417590915256,-0.00034519506028369515,-0.000585353625035186,none,na,range,bear,flat,0,flat,0.0
2025-12-22 21:09:00+00:00,2025,4,off,0,normal,discount,0.018372526513423377,-0.00016642825732667655,-0.00048362555477434436,none,na,bull,range,flat,0,flat,0.0
2025-12-24 12:45:00+00:00,2025,4,ny_am,1,normal,premium,0.0065433982230727805,-6.340873809588122e-05,-6.237608690841184e-05,sellside,na,bear,bull,long,5,win,1.9519450800900968
2025-12-29 08:19:00+00:00,2025,4,london,1,high,premium,0.015063459909903562,8.419824785571551e-06,-0.00016446618710697533,buyside,na,range,bull,flat,0,flat,0.0
2025-12-30 23:50:00+00:00,2025,4,off,0,high,equilibrium,0.008329369164812545,-0.0001454468824473271,0.0006664146848601502,none,na,range,bear,flat,0,flat,0.0
2026-01-02 13:38:00+00:00,2026,1,ny_am,1,normal,premium,0.01616393195538374,-0.0005604721231446978,-0.0009748254689470519,sellside,na,range,bear,long,5,win,0.1111111111111111
2026-01-06 06:08:00+00:00,2026,1,off,0,normal,discount,0.010850641790020115,-0.00019412513252959053,-0.00026493856507387,none,na,range,bull,flat,0,flat,0.0
2026-01-07 19:54:00+00:00,2026,1,ny_pm,0,high,discount,0.022904938076317567,-0.00013685470869663735,-0.0009927187755303676,sellside,na,bear,range,flat,0,flat,0.0
2026-01-09 11:24:00+00:00,2026,1,off,0,low,discount,0.009012678179210226,3.0041892200676704e-05,-0.0001925905992653397,none,na,range,range,flat,0,flat,0.0
2026-01-13 03:54:00+00:00,2026,1,asia,0,low,equilibrium,0.005472469710137188,-0.00022267478811103955,-8.109414970270671e-05,sellside,na,bull,range,long,4,win,0.06494048861976655
2026-01-14 17:39:00+00:00,2026,1,off,0,high,discount,0.04603652104247482,3.229314655634973e-05,-0.0020882809077403535,none,na,range,range,flat,0,flat,0.0
2026-01-16 09:09:00+00:00,2026,1,london,1,normal,equilibrium,0.009977277930206656,-8.118263305579254e-05,-0.000384188396460598,buyside,na,range,bull,short,5,win,0.31963984243107213
2026-01-20 04:55:00+00:00,2026,1,asia,0,low,discount,0.007805283451719042,-0.0003677884384405763,-0.0007157014098622265,none,na,bear,range,flat,0,flat,0.0
2026-01-21 18:41:00+00:00,2026,1,ny_pm,0,high,premium,0.05255184245539766,0.0001880491388600009,0.0012368420026206682,none,na,range,range,flat,0,flat,0.0
2026-01-23 10:11:00+00:00,2026,1,off,0,normal,discount,0.02029532932280482,-0.00048732478776932603,-0.0016115104647866942,sellside,na,bull,range,long,4,timeout,-0.20167627029854632
2026-01-27 02:41:00+00:00,2026,1,asia,0,low,discount,0.008697558116045966,0.00013178163499244386,0.000841769456611298,buyside,na,bull,range,short,4,timeout,-0.39790814006363634
2026-01-28 16:26:00+00:00,2026,1,off,0,high,discount,0.03322873167062202,-0.0002126334871443443,0.0007999688175419507,sellside,na,range,bear,flat,0,flat,0.0
2026-01-30 07:56:00+00:00,2026,1,london,1,normal,discount,0.02852605929505053,-0.00025720983618068865,-0.0008219084702359252,buyside,na,range,range,short,5,win,0.05159175609539439
2026-02-03 00:26:00+00:00,2026,1,off,0,low,premium,0.016532202319367063,0.0010354674421908382,0.0007303740065374749,none,na,bull,bear,flat,0,flat,0.0
2026-02-04 14:11:00+00:00,2026,1,ny_am,1,normal,discount,0.02417906572370239,-0.000506519282189776,-0.0003841422822470132,sellside,na,bull,bull,long,10,win,-0.01890831252251146
2026-02-06 05:41:00+00:00,2026,1,off,0,normal,premium,0.023739985759077202,0.001341969602246547,0.0015154357339007658,none,na,bear,range,flat,0,flat,0.0
2026-02-09 20:26:00+00:00,2026,1,ny_pm,0,normal,premium,0.022005665035849373,-0.0007633476721783074,-0.0007830636623383423,sellside,na,range,bull,long,4,win,0.18841402811297378
2026-02-11 11:56:00+00:00,2026,1,off,0,normal,premium,0.01907759546505066,-0.00011483985711288218,2.249339032715304e-05,none,na,range,bull,flat,0,flat,0.0
2026-02-13 03:26:00+00:00,2026,1,asia,0,low,premium,0.010263282263555001,-0.00030356920175253764,2.9517889964162592e-05,none,na,bear,bear,short,6,win,0.8363569048498631
2026-02-16 23:12:00+00:00,2026,1,off,0,high,discount,0.023046138678175777,0.0008681876431590728,0.0009380794881088319,none,na,bear,range,flat,0,flat,0.0
2026-02-18 12:58:00+00:00,2026,1,ny_am,1,normal,equilibrium,0.02322834879264951,0.00038251468539972735,-0.0015387867802727133,none,na,bull,range,flat,0,flat,0.0
2026-02-20 04:28:00+00:00,2026,1,asia,0,low,premium,0.007684753866233417,-7.01428690980671e-05,0.00022201548406343183,none,na,bear,range,flat,0,flat,0.0
2026-02-23 19:13:00+00:00,2026,1,ny_pm,0,high,discount,0.0432599643390425,-0.0009976281528741244,-0.0018559928580756675,none,na,range,range,flat,0,flat,0.0
2026-02-25 11:01:00+00:00,2026,1,off,0,normal,premium,0.011455202930470932,-0.0004761344217180294,-0.00020199645582508782,none,na,range,range,flat,0,flat,0.0
2026-02-27 02:31:00+00:00,2026,1,asia,0,normal,discount,0.0112565956317526,-0.0001319710134805345,0.000957934422650858,buyside,na,bear,range,short,4,win,1.6905829596417823
2026-03-02 17:16:00+00:00,2026,1,off,0,high,premium,0.05242403122240933,0.001357915537285598,0.00269078146296855,sellside,na,range,bear,flat,0,flat,0.0
2026-03-04 08:46:00+00:00,2026,1,london,1,normal,discount,0.04847882843813706,0.00014664090971132026,-0.0009633676506804655,buyside,na,bear,bear,short,8,win,0.019551239994724835
2026-03-06 00:16:00+00:00,2026,1,off,0,low,discount,0.021756005571606004,0.0004892515533373061,0.0025223363140108343,none,na,bear,range,flat,0,flat,0.0
2026-03-09 15:04:00+00:00,2026,1,off,0,high,premium,0.08236783159735812,0.00285741135876961,0.005505356329044515,none,na,bear,range,flat,0,flat,0.0
2026-03-11 06:41:00+00:00,2026,1,london,1,low,premium,0.01948313325522208,0.0009937506681665677,-0.0003443182988670967,buyside,na,range,bull,short,5,timeout,2.2048151915904133
2026-03-12 22:16:00+00:00,2026,1,off,0,normal,discount,0.033888697016072104,-4.0461249683148124e-05,-0.002413584244149435,none,na,bear,bear,flat,0,flat,0.0
2026-03-16 14:02:00+00:00,2026,1,ny_am,1,high,premium,0.08036412811742694,0.0012447990943518091,0.004881790771263247,none,na,bull,bear,flat,0,flat,0.0
2026-03-18 05:32:00+00:00,2026,1,off,0,low,premium,0.010002251834574887,0.00023054147396658393,0.0008689483162167761,none,na,range,bull,flat,0,flat,0.0
2026-03-19 19:17:00+00:00,2026,1,ny_pm,0,high,premium,0.1149625103371152,0.0021477533723220934,0.006546921528657903,sellside,na,bear,bear,short,3,win,0.04643471358648233
2026-03-23 12:59:00+00:00,2026,1,ny_am,1,high,premium,0.10846794577709862,-0.00013006181370136708,0.00810383818982976,sellside,na,range,range,flat,0,flat,0.0
2026-03-25 04:38:00+00:00,2026,1,off,0,low,premium,0.016125882715036427,0.000505697481962039,0.0022412484481841638,none,na,bull,range,flat,0,flat,0.0
2026-03-26 18:24:00+00:00,2026,1,ny_pm,0,normal,discount,0.03698947500678619,-0.00021380493254940616,-0.00022184256217945276,sellside,na,range,range,long,4,win,1.061293031066295
2026-03-30 11:55:00+00:00,2026,1,ny_am,1,normal,discount,0.04926765732411771,-0.00014539420416031067,0.0015615246667796837,sellside,na,range,range,long,5,loss,-1.0239234449760748
2026-04-01 03:27:00+00:00,2026,2,asia,0,low,premium,0.016447759398925385,-0.0003565736420505285,-0.00013951223761675069,sellside,na,bull,range,long,4,timeout,-0.06684611933593111
2026-04-02 17:21:00+00:00,2026,2,ny_pm,0,high,premium,0.051253226071690014,0.0008294621149429265,0.0023094354188122907,none,na,range,range,flat,0,flat,0.0
2026-04-07 10:53:00+00:00,2026,2,off,0,high,discount,0.06005106191937126,-0.0026827828039454964,-0.005484341083680141,none,na,bull,bull,long,3,win,0.0965412390726377
2026-04-09 02:25:00+00:00,2026,2,asia,0,low,discount,0.017114473596078653,-8.631570103496038e-05,0.00014570460930367126,none,na,range,bull,flat,0,flat,0.0
2026-04-10 16:11:00+00:00,2026,2,off,0,high,discount,0.0365723317768453,-0.0002594424864601331,-0.0028516679209929226,buyside,na,range,bull,flat,0,flat,0.0
2026-04-14 09:44:00+00:00,2026,2,off,0,normal,premium,0.01425168269790364,-0.0007065477777301482,-0.0010068024393527354,sellside,na,bear,range,long,4,win,0.054582210242675316
2026-04-16 01:14:00+00:00,2026,2,asia,0,normal,premium,0.009418256590001617,-0.00010192951543129189,0.0004320410902597889,none,na,range,bull,flat,0,flat,0.0
2026-04-17 15:01:00+00:00,2026,2,off,0,high,premium,0.04970084908058047,-0.0003830345529422295,0.004962909411651829,sellside,na,bull,range,flat,0,flat,0.0
2026-04-21 08:32:00+00:00,2026,2,london,1,normal,equilibrium,0.01686082126179672,0.0006963845982434858,0.0004443458804491448,none,na,bull,range,flat,0,flat,0.0
2026-04-23 00:02:00+00:00,2026,2,asia,0,low,discount,0.010380764881570567,-0.0002725228805668948,-1.987648186277523e-05,none,na,bear,range,flat,0,flat,0.0
2026-04-24 13:48:00+00:00,2026,2,ny_am,1,high,discount,0.06908106682241513,-0.0009571858207924951,-0.0028834828070231425,sellside,na,range,bear,flat,0,flat,0.0
2026-04-28 07:19:00+00:00,2026,2,london,1,normal,discount,0.019739083747065546,-0.0003049679275396204,-0.0005191474760976874,sellside,na,range,bear,long,5,win,1.3240740740739867
2026-04-29 22:58:00+00:00,2026,2,off,0,high,discount,0.016504899807296226,-0.0005961072656548569,1.2319521575456245e-05,none,na,bear,bull,flat,0,flat,0.0
2026-05-01 12:43:00+00:00,2026,2,ny_am,1,high,premium,0.027300874054833817,-0.001393377748835363,0.0004902281588499483,none,na,bull,range,flat,0,flat,0.0
2026-05-05 06:15:00+00:00,2026,2,london,1,low,premium,0.014204831300561964,-0.0006814086359878826,2.0607606083814956e-05,none,na,range,range,flat,0,flat,0.0
2026-05-06 22:47:00+00:00,2026,2,off,0,low,premium,0.00901568552158621,-0.0001697735357333438,-0.0006953650145454975,sellside,na,bull,range,long,4,win,0.3690476190484311
2026-05-08 12:32:00+00:00,2026,2,ny_am,1,normal,premium,0.02879556864544037,0.000733863984781045,0.0008139065888451389,none,na,bull,range,flat,0,flat,0.0
2026-05-12 06:06:00+00:00,2026,2,london,1,normal,equilibrium,0.013556381044659399,-0.00029265826290602004,-0.00028179231182010056,sellside,na,range,range,long,5,win,0.036671368123891955
2026-05-13 19:51:00+00:00,2026,2,ny_pm,0,normal,premium,0.023477736817881057,0.00030776918035627267,0.0009468438939438398,buyside,na,bear,bear,short,8,win,0.25282167042864734
2026-05-15 11:22:00+00:00,2026,2,ny_am,1,high,equilibrium,0.030041400956470433,0.0004005690732551707,0.00019020017212414958,buyside,na,bear,range,flat,0,flat,0.0
2026-05-19 05:52:00+00:00,2026,2,off,0,normal,premium,0.025575391796609826,-0.00045332186316084165,-0.0006250250766109365,none,na,range,range,flat,0,flat,0.0
2026-05-20 22:26:00+00:00,2026,2,off,0,normal,premium,0.028339837373501663,-0.0005705981419785499,-0.0037465484824710325,sellside,na,range,range,long,4,timeout,0.3541857273559051
2026-05-22 12:14:00+00:00,2026,2,ny_am,1,high,premium,0.04830278927701344,0.0031689869522438523,0.004273661900217793,buyside,na,bull,range,flat,0,flat,0.0
2026-05-26 11:00:00+00:00,2026,2,ny_am,1,normal,equilibrium,0.019512289108280987,0.0005045144702224635,0.0010331775957504717,none,na,bear,range,flat,0,flat,0.0
2026-05-28 02:30:00+00:00,2026,2,asia,0,low,discount,0.013502078587968735,-0.0006133491527042854,-0.0008386531530162678,none,na,bull,range,flat,0,flat,0.0
2026-05-29 17:31:00+00:00,2026,2,ny_pm,0,normal,premium,0.026971162058758186,0.0004198982364273728,1.234491698038198e-05,none,na,range,bear,flat,0,flat,0.0
2026-06-02 11:05:00+00:00,2026,2,ny_am,1,normal,discount,0.014918407477298784,-5.837669162190624e-05,0.0004820154736603822,buyside,na,range,bull,short,5,win,1.268115942028718
2026-06-04 02:35:00+00:00,2026,2,asia,0,normal,discount,0.01799069114492382,-0.00047347205676763845,-0.0014778917092677876,none,na,bear,range,flat,0,flat,0.0
2026-06-05 16:32:00+00:00,2026,2,off,0,high,discount,0.03664628260327751,-0.0007638481925482986,-0.004764813017775888,sellside,na,bull,range,flat,0,flat,0.0
2026-06-09 10:41:00+00:00,2026,2,off,0,normal,discount,0.014439576278921869,-0.00035135605959578966,-0.0006155450754724734,sellside,na,bull,range,long,4,win,-0.004392386530110565
2026-06-11 02:28:00+00:00,2026,2,asia,0,normal,discount,0.031250302137066054,-0.0007509972775599514,-0.001800859591121592,none,na,bear,bear,flat,0,flat,0.0
2026-06-12 16:43:00+00:00,2026,2,off,0,high,premium,0.06073501946497879,4.946529579364791e-05,-0.0016415008900408823,buyside,na,bull,range,flat,0,flat,0.0
2026-06-16 10:13:00+00:00,2026,2,off,0,normal,premium,0.014436934707345715,0.0006344431900777822,0.0002550723651895085,none,na,bear,range,flat,0,flat,0.0
2026-06-18 02:08:00+00:00,2026,2,asia,0,normal,premium,0.014337785368901554,-0.00027932486388947543,-0.00026079812333443936,none,na,bear,range,flat,0,flat,0.0
2026-06-19 15:53:00+00:00,2026,2,off,0,normal,premium,0.018716539079823596,0.0006335725923950213,0.000466366585096159,none,na,range,bear,flat,0,flat,0.0
2026-06-23 12:39:00+00:00,2026,2,ny_am,1,normal,discount,0.032900099624878755,-0.0004272567263317738,1.554327334764731e-06,sellside,na,bear,bear,flat,0,flat,0.0
